image_id,model,min_ssim_value,min_row,min_col,total_rows,total_cols,distance_to_boundary,normalized_distance,is_boundary
00000001_002,model1_TAA_standard,0.1035,127,13,128,128,0,0.0,True
00000003_001,model1_TAA_standard,0.0323,127,1,128,128,0,0.0,True
00000003_002,model1_TAA_standard,0.0649,81,127,128,128,0,0.0,True
00000003_003,model1_TAA_standard,0.0343,77,127,128,128,0,0.0,True
00000003_004,model1_TAA_standard,0.1049,36,0,128,128,0,0.0,True
00000004_000,model1_TAA_standard,0.0716,0,67,128,128,0,0.0,True
00000005_000,model1_TAA_standard,0.0877,96,127,128,128,0,0.0,True
00000005_001,model1_TAA_standard,0.0895,41,0,128,128,0,0.0,True
00000005_005,model1_TAA_standard,0.0282,40,127,128,128,0,0.0,True
00000005_007,model1_TAA_standard,0.0458,2,7,128,128,2,0.03125,True
00000006_000,model1_TAA_standard,0.0875,42,0,128,128,0,0.0,True
00000007_000,model1_TAA_standard,0.0979,0,70,128,128,0,0.0,True
00000010_000,model1_TAA_standard,0.0132,1,120,128,128,1,0.015625,True
00000011_001,model1_TAA_standard,0.1059,67,127,128,128,0,0.0,True
00000011_003,model1_TAA_standard,0.0892,44,127,128,128,0,0.0,True
00000011_004,model1_TAA_standard,0.0977,36,127,128,128,0,0.0,True
00000013_007,model1_TAA_standard,0.0333,8,23,128,128,8,0.125,True
00000013_018,model1_TAA_standard,-0.1291,2,15,128,128,2,0.03125,True
00000013_032,model1_TAA_standard,0.0824,0,78,128,128,0,0.0,True
00000015_000,model1_TAA_standard,0.1054,127,32,128,128,0,0.0,True
00000017_000,model1_TAA_standard,0.0927,35,0,128,128,0,0.0,True
00000018_000,model1_TAA_standard,0.079,0,50,128,128,0,0.0,True
00000019_000,model1_TAA_standard,0.0684,0,1,128,128,0,0.0,True
00000020_000,model1_TAA_standard,0.0403,1,125,128,128,1,0.015625,True
00000020_002,model1_TAA_standard,-0.0432,44,127,128,128,0,0.0,True
00000021_000,model1_TAA_standard,0.096,49,0,128,128,0,0.0,True
00000023_002,model1_TAA_standard,0.0893,37,127,128,128,0,0.0,True
00000023_003,model1_TAA_standard,0.0749,78,127,128,128,0,0.0,True
00000023_004,model1_TAA_standard,0.0942,57,0,128,128,0,0.0,True
00000024_000,model1_TAA_standard,0.0741,57,0,128,128,0,0.0,True
00000027_000,model1_TAA_standard,0.08,1,1,128,128,1,0.015625,True
00000028_000,model1_TAA_standard,0.0694,22,127,128,128,0,0.0,True
00000030_001,model1_TAA_standard,0.0687,57,127,128,128,0,0.0,True
00000031_000,model1_TAA_standard,0.0276,1,107,128,128,1,0.015625,True
00000032_003,model1_TAA_standard,0.0014,127,1,128,128,0,0.0,True
00000032_004,model1_TAA_standard,0.0879,127,13,128,128,0,0.0,True
00000032_005,model1_TAA_standard,0.0999,125,0,128,128,0,0.0,True
00000032_013,model1_TAA_standard,0.1049,127,103,128,128,0,0.0,True
00000032_015,model1_TAA_standard,0.1048,43,0,128,128,0,0.0,True
00000032_022,model1_TAA_standard,-0.1219,106,1,128,128,1,0.015625,True
00000032_026,model1_TAA_standard,0.1109,127,4,128,128,0,0.0,True
00000032_038,model1_TAA_standard,0.1114,0,76,128,128,0,0.0,True
00000032_045,model1_TAA_standard,0.0783,0,86,128,128,0,0.0,True
00000032_058,model1_TAA_standard,-0.0709,0,9,128,128,0,0.0,True
00000033_000,model1_TAA_standard,0.0192,0,126,128,128,0,0.0,True
00000036_000,model1_TAA_standard,0.0162,1,127,128,128,0,0.0,True
00000038_003,model1_TAA_standard,-0.0272,27,124,128,128,3,0.046875,True
00000040_001,model1_TAA_standard,0.0745,127,1,128,128,0,0.0,True
00000040_003,model1_TAA_standard,0.0331,0,118,128,128,0,0.0,True
00000041_001,model1_TAA_standard,0.1085,58,127,128,128,0,0.0,True
00000042_005,model1_TAA_standard,0.0253,2,10,128,128,2,0.03125,True
00000042_007,model1_TAA_standard,0.0636,3,17,128,128,3,0.046875,True
00000042_008,model1_TAA_standard,0.0743,114,3,128,128,3,0.046875,True
00000043_000,model1_TAA_standard,0.0371,1,33,128,128,1,0.015625,True
00000047_000,model1_TAA_standard,0.0422,38,127,128,128,0,0.0,True
00000047_001,model1_TAA_standard,-0.0527,0,0,128,128,0,0.0,True
00000047_006,model1_TAA_standard,0.1046,1,2,128,128,1,0.015625,True
00000049_000,model1_TAA_standard,0.1018,1,125,128,128,1,0.015625,True
00000052_000,model1_TAA_standard,0.0516,1,1,128,128,1,0.015625,True
00000054_003,model1_TAA_standard,-0.034,127,20,128,128,0,0.0,True
00000054_009,model1_TAA_standard,0.0295,125,127,128,128,0,0.0,True
00000056_000,model1_TAA_standard,0.1111,0,122,128,128,0,0.0,True
00000056_001,model1_TAA_standard,-0.2066,1,21,128,128,1,0.015625,True
00000060_000,model1_TAA_standard,0.0247,48,127,128,128,0,0.0,True
00000061_007,model1_TAA_standard,0.02,0,3,128,128,0,0.0,True
00000061_008,model1_TAA_standard,0.0749,86,127,128,128,0,0.0,True
00000065_000,model1_TAA_standard,0.0864,0,64,128,128,0,0.0,True
00000067_001,model1_TAA_standard,0.0729,1,1,128,128,1,0.015625,True
00000069_000,model1_TAA_standard,0.06,113,127,128,128,0,0.0,True
00000071_003,model1_TAA_standard,0.0937,0,72,128,128,0,0.0,True
00000071_004,model1_TAA_standard,0.0655,28,127,128,128,0,0.0,True
00000073_000,model1_TAA_standard,-0.1113,0,116,128,128,0,0.0,True
00000073_002,model1_TAA_standard,0.039,23,127,128,128,0,0.0,True
00000073_003,model1_TAA_standard,0.0713,72,127,128,128,0,0.0,True
00000073_006,model1_TAA_standard,0.1057,1,33,128,128,1,0.015625,True
00000073_007,model1_TAA_standard,0.0968,1,1,128,128,1,0.015625,True
00000073_008,model1_TAA_standard,0.0909,40,127,128,128,0,0.0,True
00000075_000,model1_TAA_standard,0.0982,126,2,128,128,1,0.015625,True
00000078_000,model1_TAA_standard,0.0541,1,126,128,128,1,0.015625,True
00000082_000,model1_TAA_standard,0.0756,107,127,128,128,0,0.0,True
00000087_001,model1_TAA_standard,0.0082,127,126,128,128,0,0.0,True
00000090_000,model1_TAA_standard,0.0349,8,127,128,128,0,0.0,True
00000090_001,model1_TAA_standard,0.0748,68,127,128,128,0,0.0,True
00000090_003,model1_TAA_standard,0.0827,108,121,128,128,6,0.09375,True
00000090_004,model1_TAA_standard,0.0967,35,1,128,128,1,0.015625,True
00000090_009,model1_TAA_standard,-0.3679,0,11,128,128,0,0.0,True
00000090_010,model1_TAA_standard,-0.1002,0,99,128,128,0,0.0,True
00000091_002,model1_TAA_standard,-0.333,0,7,128,128,0,0.0,True
00000091_005,model1_TAA_standard,0.0526,0,61,128,128,0,0.0,True
00000091_006,model1_TAA_standard,-0.1617,0,43,128,128,0,0.0,True
00000092_001,model1_TAA_standard,0.097,127,1,128,128,0,0.0,True
00000093_001,model1_TAA_standard,0.077,0,55,128,128,0,0.0,True
00000093_002,model1_TAA_standard,-0.0646,0,5,128,128,0,0.0,True
00000096_004,model1_TAA_standard,-0.0319,48,0,128,128,0,0.0,True
00000099_000,model1_TAA_standard,0.0917,58,0,128,128,0,0.0,True
00000099_002,model1_TAA_standard,0.0929,51,127,128,128,0,0.0,True
00000099_004,model1_TAA_standard,0.0882,23,127,128,128,0,0.0,True
00000099_006,model1_TAA_standard,0.1097,41,0,128,128,0,0.0,True
00000099_012,model1_TAA_standard,-0.0302,76,127,128,128,0,0.0,True
00000099_013,model1_TAA_standard,0.034,39,127,128,128,0,0.0,True
00000103_002,model1_TAA_standard,0.0443,0,74,128,128,0,0.0,True
00000103_003,model1_TAA_standard,0.0931,48,0,128,128,0,0.0,True
00001339_000,model1_TAA_standard,-0.141,0,5,128,128,0,0.0,True
00001340_000,model1_TAA_standard,0.0905,117,127,128,128,0,0.0,True
00001346_000,model1_TAA_standard,-0.0149,0,1,128,128,0,0.0,True
00001347_000,model1_TAA_standard,-0.2217,0,92,128,128,0,0.0,True
00001347_001,model1_TAA_standard,0.041,20,127,128,128,0,0.0,True
00001347_002,model1_TAA_standard,0.0129,40,127,128,128,0,0.0,True
00001353_000,model1_TAA_standard,0.0847,0,70,128,128,0,0.0,True
00001356_000,model1_TAA_standard,-0.2412,0,28,128,128,0,0.0,True
00001358_000,model1_TAA_standard,0.0978,36,127,128,128,0,0.0,True
00001359_000,model1_TAA_standard,0.0432,0,0,128,128,0,0.0,True
00001362_000,model1_TAA_standard,0.1041,24,127,128,128,0,0.0,True
00001362_003,model1_TAA_standard,0.0961,93,0,128,128,0,0.0,True
00001362_017,model1_TAA_standard,0.102,108,127,128,128,0,0.0,True
00001364_001,model1_TAA_standard,-0.0514,1,94,128,128,1,0.015625,True
00001364_004,model1_TAA_standard,0.0161,1,23,128,128,1,0.015625,True
00001364_005,model1_TAA_standard,0.1122,33,0,128,128,0,0.0,True
00001364_006,model1_TAA_standard,0.1051,43,127,128,128,0,0.0,True
00001365_001,model1_TAA_standard,-0.0392,109,124,128,128,3,0.046875,True
00001366_000,model1_TAA_standard,0.0434,15,127,128,128,0,0.0,True
00001367_004,model1_TAA_standard,0.096,120,127,128,128,0,0.0,True
00001367_006,model1_TAA_standard,0.0713,0,62,128,128,0,0.0,True
00001371_002,model1_TAA_standard,0.0809,12,0,128,128,0,0.0,True
00001371_003,model1_TAA_standard,0.1041,50,127,128,128,0,0.0,True
00001371_004,model1_TAA_standard,0.1067,99,0,128,128,0,0.0,True
00001373_002,model1_TAA_standard,0.0251,116,127,128,128,0,0.0,True
00001373_022,model1_TAA_standard,0.1092,10,126,128,128,1,0.015625,True
00001373_028,model1_TAA_standard,0.0839,10,126,128,128,1,0.015625,True
00001373_029,model1_TAA_standard,0.1118,10,126,128,128,1,0.015625,True
00001373_041,model1_TAA_standard,-0.1498,17,9,128,128,9,0.140625,True
00001376_001,model1_TAA_standard,0.1058,127,8,128,128,0,0.0,True
00001376_003,model1_TAA_standard,0.1065,127,29,128,128,0,0.0,True
00001376_004,model1_TAA_standard,0.0937,127,100,128,128,0,0.0,True
00001378_004,model1_TAA_standard,-0.0252,114,127,128,128,0,0.0,True
00001381_000,model1_TAA_standard,0.0365,1,1,128,128,1,0.015625,True
00001381_001,model1_TAA_standard,0.0355,1,1,128,128,1,0.015625,True
00001381_010,model1_TAA_standard,0.083,1,1,128,128,1,0.015625,True
00001381_012,model1_TAA_standard,-0.2012,0,32,128,128,0,0.0,True
00001381_013,model1_TAA_standard,-0.1588,0,18,128,128,0,0.0,True
00001382_002,model1_TAA_standard,0.0914,27,127,128,128,0,0.0,True
00001384_001,model1_TAA_standard,0.0965,1,127,128,128,0,0.0,True
00001385_004,model1_TAA_standard,0.0529,127,124,128,128,0,0.0,True
00001385_009,model1_TAA_standard,0.1024,103,0,128,128,0,0.0,True
00001385_010,model1_TAA_standard,0.0638,127,0,128,128,0,0.0,True
00001385_016,model1_TAA_standard,0.0521,67,127,128,128,0,0.0,True
00001385_018,model1_TAA_standard,0.1086,0,1,128,128,0,0.0,True
00001389_001,model1_TAA_standard,0.0659,127,13,128,128,0,0.0,True
00001389_004,model1_TAA_standard,-0.0146,0,0,128,128,0,0.0,True
00001393_000,model1_TAA_standard,0.0997,71,127,128,128,0,0.0,True
00001394_000,model1_TAA_standard,-0.1854,0,27,128,128,0,0.0,True
00001395_003,model1_TAA_standard,0.0929,1,120,128,128,1,0.015625,True
00001395_008,model1_TAA_standard,0.1074,127,100,128,128,0,0.0,True
00001395_009,model1_TAA_standard,0.0845,34,127,128,128,0,0.0,True
00001395_011,model1_TAA_standard,-0.0138,123,0,128,128,0,0.0,True
00001395_013,model1_TAA_standard,0.0514,1,1,128,128,1,0.015625,True
00001397_002,model1_TAA_standard,0.0551,0,68,128,128,0,0.0,True
00001397_003,model1_TAA_standard,0.0836,26,0,128,128,0,0.0,True
00001397_010,model1_TAA_standard,0.0958,0,63,128,128,0,0.0,True
00001401_002,model1_TAA_standard,0.0307,1,8,128,128,1,0.015625,True
00001403_001,model1_TAA_standard,0.1026,127,125,128,128,0,0.0,True
00001403_003,model1_TAA_standard,-0.1874,0,30,128,128,0,0.0,True
00001404_007,model1_TAA_standard,0.0998,127,105,128,128,0,0.0,True
00001404_008,model1_TAA_standard,0.0814,0,115,128,128,0,0.0,True
00001406_001,model1_TAA_standard,0.0698,0,63,128,128,0,0.0,True
00001409_001,model1_TAA_standard,0.0457,1,126,128,128,1,0.015625,True
00001409_005,model1_TAA_standard,0.0885,0,58,128,128,0,0.0,True
00001409_007,model1_TAA_standard,0.0715,1,3,128,128,1,0.015625,True
00001409_011,model1_TAA_standard,-0.2571,0,10,128,128,0,0.0,True
00001410_002,model1_TAA_standard,-0.3055,1,109,128,128,1,0.015625,True
00001410_003,model1_TAA_standard,0.1025,0,62,128,128,0,0.0,True
00001410_004,model1_TAA_standard,0.0836,67,127,128,128,0,0.0,True
00001411_000,model1_TAA_standard,0.0142,103,127,128,128,0,0.0,True
00001413_001,model1_TAA_standard,0.0671,1,1,128,128,1,0.015625,True
00001415_000,model1_TAA_standard,0.0826,127,93,128,128,0,0.0,True
00001415_001,model1_TAA_standard,0.0474,29,127,128,128,0,0.0,True
00001415_002,model1_TAA_standard,-0.045,31,127,128,128,0,0.0,True
00001415_003,model1_TAA_standard,-0.2282,0,124,128,128,0,0.0,True
00001419_000,model1_TAA_standard,0.0863,52,0,128,128,0,0.0,True
00001421_000,model1_TAA_standard,0.1028,86,127,128,128,0,0.0,True
00001424_000,model1_TAA_standard,0.1032,22,127,128,128,0,0.0,True
00001426_000,model1_TAA_standard,0.1012,127,105,128,128,0,0.0,True
00001427_000,model1_TAA_standard,0.0229,127,81,128,128,0,0.0,True
00001429_005,model1_TAA_standard,0.0879,1,127,128,128,0,0.0,True
00001429_006,model1_TAA_standard,0.0455,1,127,128,128,0,0.0,True
00001433_003,model1_TAA_standard,0.0163,99,127,128,128,0,0.0,True
00001434_000,model1_TAA_standard,0.0115,1,126,128,128,1,0.015625,True
00001435_000,model1_TAA_standard,-0.0031,30,0,128,128,0,0.0,True
00001437_006,model1_TAA_standard,0.1031,127,58,128,128,0,0.0,True
00001437_014,model1_TAA_standard,0.1111,127,126,128,128,0,0.0,True
00001437_015,model1_TAA_standard,0.0138,1,126,128,128,1,0.015625,True
00001437_017,model1_TAA_standard,0.0256,1,126,128,128,1,0.015625,True
00001437_025,model1_TAA_standard,0.079,1,124,128,128,1,0.015625,True
00001437_045,model1_TAA_standard,-0.0019,0,126,128,128,0,0.0,True
00003923_014,model1_TAA_standard,0.0851,100,0,128,128,0,0.0,True
00003924_000,model1_TAA_standard,0.0905,25,127,128,128,0,0.0,True
00003924_001,model1_TAA_standard,0.112,0,68,128,128,0,0.0,True
00003925_000,model1_TAA_standard,0.0862,67,0,128,128,0,0.0,True
00003936_000,model1_TAA_standard,0.1081,1,1,128,128,1,0.015625,True
00003940_007,model1_TAA_standard,0.034,1,108,128,128,1,0.015625,True
00003942_001,model1_TAA_standard,0.0484,38,127,128,128,0,0.0,True
00003943_000,model1_TAA_standard,0.044,1,34,128,128,1,0.015625,True
00003946_000,model1_TAA_standard,0.0741,86,0,128,128,0,0.0,True
00003947_000,model1_TAA_standard,0.0742,18,127,128,128,0,0.0,True
00003947_001,model1_TAA_standard,0.0663,60,127,128,128,0,0.0,True
00003947_004,model1_TAA_standard,0.0676,2,126,128,128,1,0.015625,True
00003950_004,model1_TAA_standard,0.1061,35,0,128,128,0,0.0,True
00003951_000,model1_TAA_standard,0.074,80,127,128,128,0,0.0,True
00003952_000,model1_TAA_standard,0.0982,126,126,128,128,1,0.015625,True
00003953_001,model1_TAA_standard,-0.3667,0,10,128,128,0,0.0,True
00003954_001,model1_TAA_standard,0.0989,48,127,128,128,0,0.0,True
00003959_004,model1_TAA_standard,0.0773,127,1,128,128,0,0.0,True
00003968_000,model1_TAA_standard,0.0997,127,127,128,128,0,0.0,True
00003970_002,model1_TAA_standard,0.0496,49,127,128,128,0,0.0,True
00003973_001,model1_TAA_standard,0.0373,127,126,128,128,0,0.0,True
00003973_003,model1_TAA_standard,0.0828,127,18,128,128,0,0.0,True
00003973_007,model1_TAA_standard,0.0922,0,127,128,128,0,0.0,True
00003973_008,model1_TAA_standard,0.0619,1,127,128,128,0,0.0,True
00003973_010,model1_TAA_standard,-0.097,0,22,128,128,0,0.0,True
00003973_012,model1_TAA_standard,0.0326,1,95,128,128,1,0.015625,True
00003973_014,model1_TAA_standard,0.0414,1,126,128,128,1,0.015625,True
00003981_000,model1_TAA_standard,0.0951,0,62,128,128,0,0.0,True
00003981_001,model1_TAA_standard,0.068,0,62,128,128,0,0.0,True
00003981_002,model1_TAA_standard,0.1018,46,0,128,128,0,0.0,True
00003981_003,model1_TAA_standard,0.0998,127,16,128,128,0,0.0,True
00003981_010,model1_TAA_standard,-0.2351,0,7,128,128,0,0.0,True
00003981_013,model1_TAA_standard,-0.2803,0,19,128,128,0,0.0,True
00003981_015,model1_TAA_standard,0.0874,0,1,128,128,0,0.0,True
00003986_001,model1_TAA_standard,0.1137,126,127,128,128,0,0.0,True
00003989_008,model1_TAA_standard,0.1065,127,52,128,128,0,0.0,True
00003989_009,model1_TAA_standard,0.1071,50,0,128,128,0,0.0,True
00003989_012,model1_TAA_standard,0.0783,127,103,128,128,0,0.0,True
00003989_017,model1_TAA_standard,0.0442,0,66,128,128,0,0.0,True
00003989_020,model1_TAA_standard,0.1124,127,77,128,128,0,0.0,True
00003989_021,model1_TAA_standard,0.0825,1,43,128,128,1,0.015625,True
00003990_002,model1_TAA_standard,0.091,73,127,128,128,0,0.0,True
00003993_000,model1_TAA_standard,0.0809,50,127,128,128,0,0.0,True
00003996_002,model1_TAA_standard,0.0714,0,50,128,128,0,0.0,True
00003996_014,model1_TAA_standard,0.1129,0,65,128,128,0,0.0,True
00003996_015,model1_TAA_standard,0.087,120,127,128,128,0,0.0,True
00003997_001,model1_TAA_standard,0.0634,0,69,128,128,0,0.0,True
00004001_006,model1_TAA_standard,0.0619,0,99,128,128,0,0.0,True
00004001_010,model1_TAA_standard,0.0502,1,33,128,128,1,0.015625,True
00004001_011,model1_TAA_standard,0.0781,1,1,128,128,1,0.015625,True
00004001_013,model1_TAA_standard,-0.2036,0,36,128,128,0,0.0,True
00004006_007,model1_TAA_standard,0.0993,0,71,128,128,0,0.0,True
00004006_009,model1_TAA_standard,0.0636,2,1,128,128,1,0.015625,True
00004006_011,model1_TAA_standard,0.0796,127,42,128,128,0,0.0,True
00004006_012,model1_TAA_standard,0.0262,28,127,128,128,0,0.0,True
00004006_013,model1_TAA_standard,0.0982,127,100,128,128,0,0.0,True
00004006_020,model1_TAA_standard,0.1005,127,108,128,128,0,0.0,True
00004006_025,model1_TAA_standard,0.0427,0,0,128,128,0,0.0,True
00004006_028,model1_TAA_standard,0.0303,1,1,128,128,1,0.015625,True
00004006_029,model1_TAA_standard,0.0845,120,127,128,128,0,0.0,True
00004006_034,model1_TAA_standard,0.0508,1,3,128,128,1,0.015625,True
00004006_040,model1_TAA_standard,0.0554,127,103,128,128,0,0.0,True
00004006_058,model1_TAA_standard,0.0251,0,5,128,128,0,0.0,True
00004006_061,model1_TAA_standard,0.1058,2,126,128,128,1,0.015625,True
00004006_067,model1_TAA_standard,0.1028,1,127,128,128,0,0.0,True
00004006_071,model1_TAA_standard,0.0361,1,1,128,128,1,0.015625,True
00004006_076,model1_TAA_standard,-0.0571,0,98,128,128,0,0.0,True
00004007_002,model1_TAA_standard,0.0752,33,127,128,128,0,0.0,True
00004007_005,model1_TAA_standard,0.0132,14,127,128,128,0,0.0,True
00004007_015,model1_TAA_standard,0.1106,38,127,128,128,0,0.0,True
00004007_016,model1_TAA_standard,0.0857,1,2,128,128,1,0.015625,True
00004007_019,model1_TAA_standard,0.0162,0,24,128,128,0,0.0,True
00004007_020,model1_TAA_standard,0.0565,43,127,128,128,0,0.0,True
00004007_026,model1_TAA_standard,0.1115,127,112,128,128,0,0.0,True
00004007_027,model1_TAA_standard,0.0456,1,101,128,128,1,0.015625,True
00004007_029,model1_TAA_standard,0.0733,118,126,128,128,1,0.015625,True
00004008_000,model1_TAA_standard,0.0667,16,126,128,128,1,0.015625,True
00004018_000,model1_TAA_standard,-0.0884,0,31,128,128,0,0.0,True
00004021_000,model1_TAA_standard,0.0693,65,127,128,128,0,0.0,True
00004021_001,model1_TAA_standard,0.1101,97,0,128,128,0,0.0,True
00004022_000,model1_TAA_standard,0.0528,46,127,128,128,0,0.0,True
00006585_008,model1_TAA_standard,0.0954,127,47,128,128,0,0.0,True
00006585_013,model1_TAA_standard,0.076,127,46,128,128,0,0.0,True
00006586_005,model1_TAA_standard,0.0544,0,53,128,128,0,0.0,True
00006588_003,model1_TAA_standard,0.1037,26,0,128,128,0,0.0,True
00006596_006,model1_TAA_standard,0.0842,127,110,128,128,0,0.0,True
00006600_001,model1_TAA_standard,0.0453,1,0,128,128,0,0.0,True
00006604_002,model1_TAA_standard,0.1125,34,127,128,128,0,0.0,True
00006605_000,model1_TAA_standard,0.0269,18,126,128,128,1,0.015625,True
00006605_009,model1_TAA_standard,0.1048,127,79,128,128,0,0.0,True
00006605_012,model1_TAA_standard,0.0966,127,121,128,128,0,0.0,True
00006605_018,model1_TAA_standard,0.0781,127,100,128,128,0,0.0,True
00006605_021,model1_TAA_standard,0.0522,127,49,128,128,0,0.0,True
00006605_038,model1_TAA_standard,0.1077,124,0,128,128,0,0.0,True
00006605_044,model1_TAA_standard,0.1045,127,94,128,128,0,0.0,True
00006610_002,model1_TAA_standard,0.0933,100,127,128,128,0,0.0,True
00006612_001,model1_TAA_standard,0.0147,28,127,128,128,0,0.0,True
00006614_004,model1_TAA_standard,-0.0168,122,127,128,128,0,0.0,True
00006618_000,model1_TAA_standard,0.0581,43,0,128,128,0,0.0,True
00006621_003,model1_TAA_standard,-0.051,3,0,128,128,0,0.0,True
00006621_005,model1_TAA_standard,0.1111,88,0,128,128,0,0.0,True
00006621_006,model1_TAA_standard,0.0601,127,50,128,128,0,0.0,True
00006622_002,model1_TAA_standard,0.1079,0,53,128,128,0,0.0,True
00006624_002,model1_TAA_standard,0.0943,0,84,128,128,0,0.0,True
00006624_003,model1_TAA_standard,0.0516,127,127,128,128,0,0.0,True
00006626_001,model1_TAA_standard,0.068,15,127,128,128,0,0.0,True
00006628_001,model1_TAA_standard,0.0736,0,54,128,128,0,0.0,True
00006631_005,model1_TAA_standard,0.09,49,127,128,128,0,0.0,True
00006632_001,model1_TAA_standard,0.0547,107,0,128,128,0,0.0,True
00006634_001,model1_TAA_standard,0.0995,40,127,128,128,0,0.0,True
00006634_003,model1_TAA_standard,0.0881,127,70,128,128,0,0.0,True
00006634_004,model1_TAA_standard,0.0937,49,127,128,128,0,0.0,True
00006634_006,model1_TAA_standard,-0.0891,121,127,128,128,0,0.0,True
00006635_005,model1_TAA_standard,0.0467,99,127,128,128,0,0.0,True
00006637_001,model1_TAA_standard,0.0667,31,127,128,128,0,0.0,True
00006640_000,model1_TAA_standard,0.0928,0,60,128,128,0,0.0,True
00006640_002,model1_TAA_standard,0.1103,0,62,128,128,0,0.0,True
00006641_000,model1_TAA_standard,-0.0162,1,6,128,128,1,0.015625,True
00006642_005,model1_TAA_standard,0.1036,0,123,128,128,0,0.0,True
00006642_006,model1_TAA_standard,0.1017,127,88,128,128,0,0.0,True
00006642_007,model1_TAA_standard,0.0825,0,53,128,128,0,0.0,True
00006642_010,model1_TAA_standard,0.106,127,101,128,128,0,0.0,True
00006642_011,model1_TAA_standard,0.0958,58,127,128,128,0,0.0,True
00006642_012,model1_TAA_standard,0.0423,0,75,128,128,0,0.0,True
00006642_013,model1_TAA_standard,0.0999,49,127,128,128,0,0.0,True
00006642_014,model1_TAA_standard,0.0791,0,76,128,128,0,0.0,True
00006642_015,model1_TAA_standard,0.0589,0,63,128,128,0,0.0,True
00006642_016,model1_TAA_standard,0.0913,127,111,128,128,0,0.0,True
00006642_018,model1_TAA_standard,0.0626,0,57,128,128,0,0.0,True
00006642_019,model1_TAA_standard,0.0891,33,127,128,128,0,0.0,True
00006642_021,model1_TAA_standard,0.1068,0,60,128,128,0,0.0,True
00006642_023,model1_TAA_standard,0.0999,127,85,128,128,0,0.0,True
00006642_024,model1_TAA_standard,0.1097,127,98,128,128,0,0.0,True
00006642_025,model1_TAA_standard,0.088,127,92,128,128,0,0.0,True
00006642_026,model1_TAA_standard,0.1086,127,78,128,128,0,0.0,True
00006642_027,model1_TAA_standard,0.0544,0,80,128,128,0,0.0,True
00006642_028,model1_TAA_standard,0.111,47,0,128,128,0,0.0,True
00006642_030,model1_TAA_standard,0.1079,96,0,128,128,0,0.0,True
00006642_032,model1_TAA_standard,0.0927,0,3,128,128,0,0.0,True
00006642_033,model1_TAA_standard,0.0312,0,20,128,128,0,0.0,True
00006642_034,model1_TAA_standard,0.0713,0,17,128,128,0,0.0,True
00006642_036,model1_TAA_standard,0.0693,53,0,128,128,0,0.0,True
00006642_038,model1_TAA_standard,0.081,127,41,128,128,0,0.0,True
00006642_039,model1_TAA_standard,0.0897,64,127,128,128,0,0.0,True
00006642_040,model1_TAA_standard,0.0689,92,127,128,128,0,0.0,True
00006642_042,model1_TAA_standard,0.0918,0,58,128,128,0,0.0,True
00006643_000,model1_TAA_standard,0.0148,127,103,128,128,0,0.0,True
00006646_000,model1_TAA_standard,0.0619,1,99,128,128,1,0.015625,True
00006647_004,model1_TAA_standard,0.0625,38,127,128,128,0,0.0,True
00006647_005,model1_TAA_standard,0.068,38,127,128,128,0,0.0,True
00006648_000,model1_TAA_standard,0.0901,127,100,128,128,0,0.0,True
00006648_001,model1_TAA_standard,0.1037,127,95,128,128,0,0.0,True
00006652_001,model1_TAA_standard,0.0828,34,127,128,128,0,0.0,True
00006653_003,model1_TAA_standard,0.1126,0,92,128,128,0,0.0,True
00006653_008,model1_TAA_standard,-0.0496,1,1,128,128,1,0.015625,True
00006653_010,model1_TAA_standard,0.1095,119,125,128,128,2,0.03125,True
00006653_018,model1_TAA_standard,0.1114,0,118,128,128,0,0.0,True
00006653_020,model1_TAA_standard,0.107,88,127,128,128,0,0.0,True
00006660_000,model1_TAA_standard,0.1053,28,0,128,128,0,0.0,True
00006661_000,model1_TAA_standard,0.0755,22,127,128,128,0,0.0,True
00006664_004,model1_TAA_standard,0.1072,127,81,128,128,0,0.0,True
00006670_001,model1_TAA_standard,0.1079,127,81,128,128,0,0.0,True
00006670_005,model1_TAA_standard,0.1112,53,127,128,128,0,0.0,True
00006670_016,model1_TAA_standard,0.1055,0,10,128,128,0,0.0,True
00006673_000,model1_TAA_standard,0.0449,0,9,128,128,0,0.0,True
00006677_000,model1_TAA_standard,0.0532,127,44,128,128,0,0.0,True
00006679_006,model1_TAA_standard,0.0859,77,0,128,128,0,0.0,True
00006679_009,model1_TAA_standard,0.0981,52,0,128,128,0,0.0,True
00006679_011,model1_TAA_standard,-0.0167,0,7,128,128,0,0.0,True
00006679_018,model1_TAA_standard,0.0534,127,13,128,128,0,0.0,True
00006680_000,model1_TAA_standard,0.0816,43,127,128,128,0,0.0,True
00006683_001,model1_TAA_standard,0.1071,0,62,128,128,0,0.0,True
00006683_002,model1_TAA_standard,0.0914,127,11,128,128,0,0.0,True
00006683_003,model1_TAA_standard,0.0908,0,62,128,128,0,0.0,True
00006683_005,model1_TAA_standard,0.1077,127,16,128,128,0,0.0,True
00006684_000,model1_TAA_standard,0.0953,0,51,128,128,0,0.0,True
00009232_004,model1_TAA_standard,0.017,126,1,128,128,1,0.015625,True
00009233_000,model1_TAA_standard,0.0833,127,126,128,128,0,0.0,True
00009234_004,model1_TAA_standard,0.0553,42,127,128,128,0,0.0,True
00009235_000,model1_TAA_standard,0.0593,127,17,128,128,0,0.0,True
00009237_003,model1_TAA_standard,0.1088,44,127,128,128,0,0.0,True
00009237_008,model1_TAA_standard,0.0756,4,124,128,128,3,0.046875,True
00009237_011,model1_TAA_standard,0.0251,73,127,128,128,0,0.0,True
00009237_012,model1_TAA_standard,0.1046,0,2,128,128,0,0.0,True
00009237_013,model1_TAA_standard,0.1126,56,127,128,128,0,0.0,True
00009237_020,model1_TAA_standard,0.0069,98,127,128,128,0,0.0,True
00009239_004,model1_TAA_standard,0.0635,30,127,128,128,0,0.0,True
00009239_006,model1_TAA_standard,0.1108,127,100,128,128,0,0.0,True
00009239_007,model1_TAA_standard,0.075,29,0,128,128,0,0.0,True
00009239_008,model1_TAA_standard,0.1125,56,127,128,128,0,0.0,True
00009239_009,model1_TAA_standard,0.0642,0,64,128,128,0,0.0,True
00009239_010,model1_TAA_standard,0.1112,0,64,128,128,0,0.0,True
00009239_012,model1_TAA_standard,0.0948,127,48,128,128,0,0.0,True
00009241_000,model1_TAA_standard,0.0847,38,0,128,128,0,0.0,True
00009244_000,model1_TAA_standard,0.062,0,74,128,128,0,0.0,True
00009246_000,model1_TAA_standard,0.0352,31,127,128,128,0,0.0,True
00009248_000,model1_TAA_standard,0.0757,0,69,128,128,0,0.0,True
00009251_000,model1_TAA_standard,0.0907,72,127,128,128,0,0.0,True
00009254_000,model1_TAA_standard,0.0517,0,78,128,128,0,0.0,True
00009254_001,model1_TAA_standard,0.0555,0,60,128,128,0,0.0,True
00009255_000,model1_TAA_standard,0.0831,73,0,128,128,0,0.0,True
00009256_000,model1_TAA_standard,0.1049,38,127,128,128,0,0.0,True
00009256_007,model1_TAA_standard,0.0845,0,71,128,128,0,0.0,True
00009257_002,model1_TAA_standard,0.0637,39,127,128,128,0,0.0,True
00009258_000,model1_TAA_standard,0.0619,0,59,128,128,0,0.0,True
00009259_000,model1_TAA_standard,0.063,0,120,128,128,0,0.0,True
00009260_001,model1_TAA_standard,0.0918,94,127,128,128,0,0.0,True
00009260_002,model1_TAA_standard,0.1058,0,111,128,128,0,0.0,True
00009262_000,model1_TAA_standard,0.0984,127,102,128,128,0,0.0,True
00009264_000,model1_TAA_standard,0.1084,127,95,128,128,0,0.0,True
00009265_000,model1_TAA_standard,0.0935,67,127,128,128,0,0.0,True
00009265_001,model1_TAA_standard,0.0755,0,64,128,128,0,0.0,True
00009267_000,model1_TAA_standard,0.0704,57,0,128,128,0,0.0,True
00009268_000,model1_TAA_standard,0.0856,38,127,128,128,0,0.0,True
00009269_000,model1_TAA_standard,0.1077,34,127,128,128,0,0.0,True
00009272_001,model1_TAA_standard,0.067,127,96,128,128,0,0.0,True
00009272_002,model1_TAA_standard,0.0299,75,3,128,128,3,0.046875,True
00009273_001,model1_TAA_standard,0.0447,127,92,128,128,0,0.0,True
00009273_002,model1_TAA_standard,0.0998,127,64,128,128,0,0.0,True
00009273_004,model1_TAA_standard,0.0989,125,1,128,128,1,0.015625,True
00009274_000,model1_TAA_standard,0.0785,57,0,128,128,0,0.0,True
00009275_000,model1_TAA_standard,0.1107,127,12,128,128,0,0.0,True
00009277_000,model1_TAA_standard,0.0994,50,0,128,128,0,0.0,True
00009278_000,model1_TAA_standard,0.0993,127,74,128,128,0,0.0,True
00009279_000,model1_TAA_standard,0.0664,40,127,128,128,0,0.0,True
00009281_000,model1_TAA_standard,0.0637,40,0,128,128,0,0.0,True
00009281_001,model1_TAA_standard,0.1018,40,127,128,128,0,0.0,True
00009281_004,model1_TAA_standard,0.0966,53,0,128,128,0,0.0,True
00009281_005,model1_TAA_standard,0.0722,0,62,128,128,0,0.0,True
00009281_007,model1_TAA_standard,0.1053,127,20,128,128,0,0.0,True
00009281_008,model1_TAA_standard,0.1087,127,4,128,128,0,0.0,True
00009281_009,model1_TAA_standard,0.1048,0,68,128,128,0,0.0,True
00009281_013,model1_TAA_standard,0.0761,62,127,128,128,0,0.0,True
00009281_016,model1_TAA_standard,0.1048,7,1,128,128,1,0.015625,True
00009284_000,model1_TAA_standard,0.0931,127,21,128,128,0,0.0,True
00009285_000,model1_TAA_standard,-0.0247,31,127,128,128,0,0.0,True
00009286_000,model1_TAA_standard,0.0921,77,0,128,128,0,0.0,True
00009290_000,model1_TAA_standard,0.0602,0,55,128,128,0,0.0,True
00009291_001,model1_TAA_standard,0.0099,86,127,128,128,0,0.0,True
00009292_001,model1_TAA_standard,0.0987,0,88,128,128,0,0.0,True
00009293_000,model1_TAA_standard,0.0896,37,0,128,128,0,0.0,True
00009293_004,model1_TAA_standard,0.0362,0,75,128,128,0,0.0,True
00009293_005,model1_TAA_standard,0.073,53,0,128,128,0,0.0,True
00009294_000,model1_TAA_standard,0.0523,53,0,128,128,0,0.0,True
00009295_000,model1_TAA_standard,0.0649,127,30,128,128,0,0.0,True
00009296_000,model1_TAA_standard,0.0995,0,62,128,128,0,0.0,True
00009297_000,model1_TAA_standard,0.0883,41,127,128,128,0,0.0,True
00009297_001,model1_TAA_standard,0.0271,114,127,128,128,0,0.0,True
00009297_002,model1_TAA_standard,0.0511,0,1,128,128,0,0.0,True
00009297_003,model1_TAA_standard,0.0545,0,58,128,128,0,0.0,True
00009297_004,model1_TAA_standard,0.0325,127,1,128,128,0,0.0,True
00009297_009,model1_TAA_standard,0.0814,9,1,128,128,1,0.015625,True
00009297_012,model1_TAA_standard,0.0697,126,0,128,128,0,0.0,True
00009297_013,model1_TAA_standard,0.0774,38,127,128,128,0,0.0,True
00009297_014,model1_TAA_standard,0.0661,0,56,128,128,0,0.0,True
00009297_017,model1_TAA_standard,0.0925,26,0,128,128,0,0.0,True
00009298_001,model1_TAA_standard,0.0951,43,127,128,128,0,0.0,True
00009299_000,model1_TAA_standard,0.1105,23,127,128,128,0,0.0,True
00009299_001,model1_TAA_standard,0.0842,30,127,128,128,0,0.0,True
00009299_002,model1_TAA_standard,0.077,0,70,128,128,0,0.0,True
00009299_003,model1_TAA_standard,0.0634,53,127,128,128,0,0.0,True
00009299_004,model1_TAA_standard,0.0724,15,0,128,128,0,0.0,True
00009301_002,model1_TAA_standard,0.101,1,2,128,128,1,0.015625,True
00009302_000,model1_TAA_standard,0.0699,0,127,128,128,0,0.0,True
00009302_004,model1_TAA_standard,0.1023,0,73,128,128,0,0.0,True
00009302_005,model1_TAA_standard,0.0144,107,0,128,128,0,0.0,True
00009302_006,model1_TAA_standard,0.1068,0,75,128,128,0,0.0,True
00009302_007,model1_TAA_standard,0.1099,10,0,128,128,0,0.0,True
00009302_011,model1_TAA_standard,0.1105,1,127,128,128,0,0.0,True
00009302_013,model1_TAA_standard,0.037,127,12,128,128,0,0.0,True
00009302_014,model1_TAA_standard,0.0701,127,13,128,128,0,0.0,True
00009302_026,model1_TAA_standard,-0.3605,0,37,128,128,0,0.0,True
00009304_000,model1_TAA_standard,0.089,38,0,128,128,0,0.0,True
00009305_000,model1_TAA_standard,0.0982,127,118,128,128,0,0.0,True
00009307_002,model1_TAA_standard,-0.0334,28,127,128,128,0,0.0,True
00009309_003,model1_TAA_standard,0.1014,101,0,128,128,0,0.0,True
00009309_004,model1_TAA_standard,0.0936,45,0,128,128,0,0.0,True
00009309_006,model1_TAA_standard,0.0987,50,0,128,128,0,0.0,True
00009311_000,model1_TAA_standard,0.0948,36,127,128,128,0,0.0,True
00009312_000,model1_TAA_standard,0.0781,0,73,128,128,0,0.0,True
00009314_000,model1_TAA_standard,0.0705,45,0,128,128,0,0.0,True
00009315_000,model1_TAA_standard,0.0206,127,126,128,128,0,0.0,True
00009315_002,model1_TAA_standard,0.0001,127,116,128,128,0,0.0,True
00009315_003,model1_TAA_standard,-0.0143,0,111,128,128,0,0.0,True
00009316_001,model1_TAA_standard,0.0621,0,66,128,128,0,0.0,True
00009318_000,model1_TAA_standard,0.1136,127,72,128,128,0,0.0,True
00009319_000,model1_TAA_standard,0.0676,43,0,128,128,0,0.0,True
00009320_000,model1_TAA_standard,0.0896,127,76,128,128,0,0.0,True
00009321_000,model1_TAA_standard,0.111,127,22,128,128,0,0.0,True
00009321_006,model1_TAA_standard,0.1018,26,0,128,128,0,0.0,True
00009321_009,model1_TAA_standard,-0.0814,0,114,128,128,0,0.0,True
00009321_010,model1_TAA_standard,0.087,0,70,128,128,0,0.0,True
00009321_019,model1_TAA_standard,0.0859,1,111,128,128,1,0.015625,True
00009323_002,model1_TAA_standard,0.0619,51,127,128,128,0,0.0,True
00009324_000,model1_TAA_standard,0.089,0,64,128,128,0,0.0,True
00009324_002,model1_TAA_standard,0.0547,0,82,128,128,0,0.0,True
00009324_004,model1_TAA_standard,0.0762,56,0,128,128,0,0.0,True
00009324_006,model1_TAA_standard,0.0511,50,0,128,128,0,0.0,True
00009325_000,model1_TAA_standard,0.0998,125,1,128,128,1,0.015625,True
00009325_002,model1_TAA_standard,0.1035,0,70,128,128,0,0.0,True
00009325_003,model1_TAA_standard,0.1075,53,127,128,128,0,0.0,True
00009325_005,model1_TAA_standard,0.1035,0,70,128,128,0,0.0,True
00009325_006,model1_TAA_standard,0.1007,127,66,128,128,0,0.0,True
00009326_000,model1_TAA_standard,0.0617,61,0,128,128,0,0.0,True
00009326_001,model1_TAA_standard,0.0648,0,71,128,128,0,0.0,True
00009326_006,model1_TAA_standard,0.1088,56,0,128,128,0,0.0,True
00009327_003,model1_TAA_standard,0.0903,0,67,128,128,0,0.0,True
00009327_005,model1_TAA_standard,0.1054,98,127,128,128,0,0.0,True
00009328_000,model1_TAA_standard,0.0979,29,0,128,128,0,0.0,True
00009329_000,model1_TAA_standard,0.0896,30,127,128,128,0,0.0,True
00009330_003,model1_TAA_standard,0.0997,1,5,128,128,1,0.015625,True
00009330_004,model1_TAA_standard,-0.1695,0,22,128,128,0,0.0,True
00009331_000,model1_TAA_standard,0.0606,83,0,128,128,0,0.0,True
00009331_002,model1_TAA_standard,0.1036,42,0,128,128,0,0.0,True
00009331_003,model1_TAA_standard,0.1128,47,127,128,128,0,0.0,True
00009332_000,model1_TAA_standard,0.0691,127,85,128,128,0,0.0,True
00009332_001,model1_TAA_standard,0.0784,127,47,128,128,0,0.0,True
00009333_002,model1_TAA_standard,0.1029,127,6,128,128,0,0.0,True
00009333_005,model1_TAA_standard,0.1009,65,127,128,128,0,0.0,True
00009334_000,model1_TAA_standard,0.0699,113,127,128,128,0,0.0,True
00009335_000,model1_TAA_standard,0.1004,38,0,128,128,0,0.0,True
00009336_000,model1_TAA_standard,0.0106,119,126,128,128,1,0.015625,True
00009336_005,model1_TAA_standard,0.1038,67,0,128,128,0,0.0,True
00009336_006,model1_TAA_standard,0.1107,114,127,128,128,0,0.0,True
00009336_009,model1_TAA_standard,0.0433,69,127,128,128,0,0.0,True
00009336_010,model1_TAA_standard,0.0956,38,127,128,128,0,0.0,True
00009336_015,model1_TAA_standard,0.0604,0,56,128,128,0,0.0,True
00009336_016,model1_TAA_standard,-0.2264,0,104,128,128,0,0.0,True
00009336_017,model1_TAA_standard,-0.0458,0,37,128,128,0,0.0,True
00009336_019,model1_TAA_standard,0.0285,40,127,128,128,0,0.0,True
00009337_000,model1_TAA_standard,-0.0189,127,73,128,128,0,0.0,True
00009338_000,model1_TAA_standard,0.0863,41,127,128,128,0,0.0,True
00009340_007,model1_TAA_standard,0.1113,127,62,128,128,0,0.0,True
00009342_001,model1_TAA_standard,0.1088,47,0,128,128,0,0.0,True
00009342_002,model1_TAA_standard,-0.0915,0,105,128,128,0,0.0,True
00009342_011,model1_TAA_standard,0.1123,0,74,128,128,0,0.0,True
00009343_004,model1_TAA_standard,0.0588,0,60,128,128,0,0.0,True
00011558_014,model1_TAA_standard,0.0758,0,57,128,128,0,0.0,True
00011559_000,model1_TAA_standard,0.0553,90,127,128,128,0,0.0,True
00011560_000,model1_TAA_standard,0.0734,1,1,128,128,1,0.015625,True
00011560_001,model1_TAA_standard,0.0406,1,2,128,128,1,0.015625,True
00011562_000,model1_TAA_standard,0.0686,53,0,128,128,0,0.0,True
00011568_007,model1_TAA_standard,0.0621,2,33,128,128,2,0.03125,True
00011568_010,model1_TAA_standard,0.11,126,127,128,128,0,0.0,True
00011570_000,model1_TAA_standard,0.0721,81,127,128,128,0,0.0,True
00011570_001,model1_TAA_standard,0.0255,1,1,128,128,1,0.015625,True
00011570_002,model1_TAA_standard,0.0728,50,127,128,128,0,0.0,True
00011571_003,model1_TAA_standard,0.1055,1,1,128,128,1,0.015625,True
00011571_006,model1_TAA_standard,0.0649,1,1,128,128,1,0.015625,True
00011571_009,model1_TAA_standard,0.0995,41,127,128,128,0,0.0,True
00011575_005,model1_TAA_standard,-0.043,121,127,128,128,0,0.0,True
00011575_006,model1_TAA_standard,-0.4099,1,113,128,128,1,0.015625,True
00011576_001,model1_TAA_standard,0.0617,127,2,128,128,0,0.0,True
00011577_001,model1_TAA_standard,0.0649,1,1,128,128,1,0.015625,True
00011579_004,model1_TAA_standard,0.0789,40,127,128,128,0,0.0,True
00011579_008,model1_TAA_standard,0.0238,80,120,128,128,7,0.109375,True
00011579_016,model1_TAA_standard,0.0832,127,60,128,128,0,0.0,True
00011579_020,model1_TAA_standard,0.0908,126,0,128,128,0,0.0,True
00011579_025,model1_TAA_standard,0.055,92,120,128,128,7,0.109375,True
00011579_027,model1_TAA_standard,0.0493,1,1,128,128,1,0.015625,True
00011579_029,model1_TAA_standard,0.1076,0,120,128,128,0,0.0,True
00011579_045,model1_TAA_standard,0.0866,0,105,128,128,0,0.0,True
00011583_002,model1_TAA_standard,0.1119,0,127,128,128,0,0.0,True
00011583_003,model1_TAA_standard,-0.1293,0,125,128,128,0,0.0,True
00011583_011,model1_TAA_standard,0.0769,73,127,128,128,0,0.0,True
00011583_015,model1_TAA_standard,0.0814,0,65,128,128,0,0.0,True
00011583_016,model1_TAA_standard,0.0581,0,57,128,128,0,0.0,True
00011583_017,model1_TAA_standard,0.0548,79,0,128,128,0,0.0,True
00011584_002,model1_TAA_standard,-0.3101,0,22,128,128,0,0.0,True
00011587_002,model1_TAA_standard,0.1003,0,1,128,128,0,0.0,True
00011587_005,model1_TAA_standard,0.0751,0,45,128,128,0,0.0,True
00011587_007,model1_TAA_standard,0.0991,0,70,128,128,0,0.0,True
00011587_012,model1_TAA_standard,0.0786,112,0,128,128,0,0.0,True
00011587_013,model1_TAA_standard,0.0527,2,21,128,128,2,0.03125,True
00011587_018,model1_TAA_standard,-0.2641,0,35,128,128,0,0.0,True
00011587_019,model1_TAA_standard,0.0218,0,122,128,128,0,0.0,True
00011589_000,model1_TAA_standard,0.0971,1,1,128,128,1,0.015625,True
00011592_001,model1_TAA_standard,0.0842,1,2,128,128,1,0.015625,True
00011596_001,model1_TAA_standard,0.0415,69,0,128,128,0,0.0,True
00011596_006,model1_TAA_standard,0.103,1,1,128,128,1,0.015625,True
00011597_003,model1_TAA_standard,0.0893,35,0,128,128,0,0.0,True
00011598_003,model1_TAA_standard,0.0921,9,113,128,128,9,0.140625,True
00011598_016,model1_TAA_standard,0.0898,1,1,128,128,1,0.015625,True
00011598_017,model1_TAA_standard,0.026,39,0,128,128,0,0.0,True
00011598_019,model1_TAA_standard,0.0402,1,1,128,128,1,0.015625,True
00011598_020,model1_TAA_standard,-0.0195,0,0,128,128,0,0.0,True
00011598_022,model1_TAA_standard,0.0453,1,1,128,128,1,0.015625,True
00011598_024,model1_TAA_standard,0.0343,1,1,128,128,1,0.015625,True
00011598_026,model1_TAA_standard,0.0326,1,1,128,128,1,0.015625,True
00011598_027,model1_TAA_standard,0.0836,126,127,128,128,0,0.0,True
00011598_029,model1_TAA_standard,-0.0063,0,0,128,128,0,0.0,True
00011598_043,model1_TAA_standard,0.0333,1,1,128,128,1,0.015625,True
00011598_044,model1_TAA_standard,0.0734,1,1,128,128,1,0.015625,True
00011605_003,model1_TAA_standard,0.0616,33,127,128,128,0,0.0,True
00011605_004,model1_TAA_standard,0.0462,0,0,128,128,0,0.0,True
00011605_008,model1_TAA_standard,-0.0282,121,122,128,128,5,0.078125,True
00011605_011,model1_TAA_standard,0.1072,0,77,128,128,0,0.0,True
00011605_012,model1_TAA_standard,-0.0121,1,113,128,128,1,0.015625,True
00011605_018,model1_TAA_standard,0.0952,41,127,128,128,0,0.0,True
00011606_002,model1_TAA_standard,0.0986,45,127,128,128,0,0.0,True
00011606_003,model1_TAA_standard,-0.0124,5,1,128,128,1,0.015625,True
00011606_007,model1_TAA_standard,0.09,127,2,128,128,0,0.0,True
00011606_008,model1_TAA_standard,0.0403,0,124,128,128,0,0.0,True
00011609_000,model1_TAA_standard,0.0673,127,80,128,128,0,0.0,True
00011610_000,model1_TAA_standard,0.06,0,76,128,128,0,0.0,True
00011612_000,model1_TAA_standard,0.0652,0,75,128,128,0,0.0,True
00011612_001,model1_TAA_standard,0.056,1,31,128,128,1,0.015625,True
00011615_000,model1_TAA_standard,0.0505,126,126,128,128,1,0.015625,True
00011618_000,model1_TAA_standard,-0.0364,123,1,128,128,1,0.015625,True
00011618_014,model1_TAA_standard,0.0952,0,66,128,128,0,0.0,True
00011619_009,model1_TAA_standard,0.0335,0,6,128,128,0,0.0,True
00011621_001,model1_TAA_standard,0.0939,127,46,128,128,0,0.0,True
00011622_000,model1_TAA_standard,0.0711,53,0,128,128,0,0.0,True
00011628_000,model1_TAA_standard,0.0538,123,127,128,128,0,0.0,True
00011628_002,model1_TAA_standard,0.0736,113,127,128,128,0,0.0,True
00011629_000,model1_TAA_standard,0.0352,0,65,128,128,0,0.0,True
00011632_009,model1_TAA_standard,0.0482,127,125,128,128,0,0.0,True
00011639_000,model1_TAA_standard,0.0111,0,83,128,128,0,0.0,True
00013774_033,model1_TAA_standard,0.1068,127,50,128,128,0,0.0,True
00013774_044,model1_TAA_standard,-0.1373,62,0,128,128,0,0.0,True
00013774_056,model1_TAA_standard,0.0711,120,127,128,128,0,0.0,True
00013774_058,model1_TAA_standard,0.0394,127,127,128,128,0,0.0,True
00013774_060,model1_TAA_standard,0.1017,0,52,128,128,0,0.0,True
00013775_000,model1_TAA_standard,0.0224,61,127,128,128,0,0.0,True
00013776_000,model1_TAA_standard,0.1115,53,127,128,128,0,0.0,True
00013776_001,model1_TAA_standard,0.0178,33,127,128,128,0,0.0,True
00013777_000,model1_TAA_standard,-0.3358,1,10,128,128,1,0.015625,True
00013777_001,model1_TAA_standard,-0.0046,1,25,128,128,1,0.015625,True
00013778_010,model1_TAA_standard,0.1079,32,127,128,128,0,0.0,True
00013778_011,model1_TAA_standard,0.1124,0,75,128,128,0,0.0,True
00013778_012,model1_TAA_standard,0.0494,0,57,128,128,0,0.0,True
00013778_013,model1_TAA_standard,0.0497,28,127,128,128,0,0.0,True
00013782_002,model1_TAA_standard,0.0959,36,127,128,128,0,0.0,True
00013787_001,model1_TAA_standard,0.039,61,0,128,128,0,0.0,True
00013787_002,model1_TAA_standard,0.0348,78,127,128,128,0,0.0,True
00013795_000,model1_TAA_standard,0.0991,63,127,128,128,0,0.0,True
00013795_001,model1_TAA_standard,0.0343,1,34,128,128,1,0.015625,True
00013798_003,model1_TAA_standard,-0.0938,127,127,128,128,0,0.0,True
00013799_004,model1_TAA_standard,0.0038,125,81,128,128,2,0.03125,True
00013800_000,model1_TAA_standard,0.0719,0,61,128,128,0,0.0,True
00013807_002,model1_TAA_standard,0.1038,72,127,128,128,0,0.0,True
00013807_007,model1_TAA_standard,-0.0019,76,115,128,128,12,0.1875,True
00013807_012,model1_TAA_standard,-0.264,0,6,128,128,0,0.0,True
00013807_014,model1_TAA_standard,0.0058,49,127,128,128,0,0.0,True
00013807_015,model1_TAA_standard,-0.3485,0,19,128,128,0,0.0,True
00013808_004,model1_TAA_standard,0.1132,0,126,128,128,0,0.0,True
00013812_001,model1_TAA_standard,0.0818,125,127,128,128,0,0.0,True
00013812_004,model1_TAA_standard,0.0684,0,121,128,128,0,0.0,True
00013812_008,model1_TAA_standard,-0.3047,0,97,128,128,0,0.0,True
00013814_000,model1_TAA_standard,0.0393,127,126,128,128,0,0.0,True
00013814_001,model1_TAA_standard,-0.1522,123,127,128,128,0,0.0,True
00013814_006,model1_TAA_standard,0.041,1,1,128,128,1,0.015625,True
00013814_010,model1_TAA_standard,0.0883,29,127,128,128,0,0.0,True
00013816_000,model1_TAA_standard,0.0629,53,0,128,128,0,0.0,True
00013818_000,model1_TAA_standard,-0.3231,0,13,128,128,0,0.0,True
00013820_000,model1_TAA_standard,0.1104,40,127,128,128,0,0.0,True
00013823_000,model1_TAA_standard,0.0386,123,126,128,128,1,0.015625,True
00013823_001,model1_TAA_standard,-0.0133,121,127,128,128,0,0.0,True
00013825_000,model1_TAA_standard,0.0671,127,1,128,128,0,0.0,True
00013825_001,model1_TAA_standard,0.0529,0,99,128,128,0,0.0,True
00013825_002,model1_TAA_standard,0.0527,116,127,128,128,0,0.0,True
00013826_000,model1_TAA_standard,0.0235,88,127,128,128,0,0.0,True
00013826_002,model1_TAA_standard,0.0674,30,127,128,128,0,0.0,True
00013826_005,model1_TAA_standard,0.1018,0,63,128,128,0,0.0,True
00013826_006,model1_TAA_standard,0.028,127,126,128,128,0,0.0,True
00013827_000,model1_TAA_standard,0.1097,0,92,128,128,0,0.0,True
00013829_005,model1_TAA_standard,0.0199,1,9,128,128,1,0.015625,True
00013829_007,model1_TAA_standard,0.0772,1,1,128,128,1,0.015625,True
00013829_008,model1_TAA_standard,0.0696,0,126,128,128,0,0.0,True
00013829_009,model1_TAA_standard,0.087,2,93,128,128,2,0.03125,True
00013833_008,model1_TAA_standard,0.041,1,33,128,128,1,0.015625,True
00013834_002,model1_TAA_standard,0.0405,1,1,128,128,1,0.015625,True
00013834_003,model1_TAA_standard,0.0844,0,97,128,128,0,0.0,True
00013834_004,model1_TAA_standard,0.0651,70,127,128,128,0,0.0,True
00013834_006,model1_TAA_standard,0.0376,1,34,128,128,1,0.015625,True
00013834_007,model1_TAA_standard,0.1073,43,127,128,128,0,0.0,True
00013834_008,model1_TAA_standard,0.0379,2,50,128,128,2,0.03125,True
00013834_009,model1_TAA_standard,-0.1537,0,9,128,128,0,0.0,True
00013834_010,model1_TAA_standard,0.0652,101,127,128,128,0,0.0,True
00013834_012,model1_TAA_standard,0.0323,0,36,128,128,0,0.0,True
00013834_015,model1_TAA_standard,0.073,98,0,128,128,0,0.0,True
00013834_016,model1_TAA_standard,-0.0019,0,72,128,128,0,0.0,True
00013834_020,model1_TAA_standard,0.0726,54,127,128,128,0,0.0,True
00013838_001,model1_TAA_standard,0.0317,109,127,128,128,0,0.0,True
00013838_003,model1_TAA_standard,-0.0256,108,127,128,128,0,0.0,True
00013841_000,model1_TAA_standard,0.0765,56,127,128,128,0,0.0,True
00013843_000,model1_TAA_standard,0.0403,28,0,128,128,0,0.0,True
00013843_002,model1_TAA_standard,0.0965,115,127,128,128,0,0.0,True
00013844_000,model1_TAA_standard,0.0672,100,126,128,128,1,0.015625,True
00013845_000,model1_TAA_standard,0.0967,39,127,128,128,0,0.0,True
00013846_000,model1_TAA_standard,-0.0423,126,127,128,128,0,0.0,True
00013847_000,model1_TAA_standard,0.0747,0,61,128,128,0,0.0,True
00013847_001,model1_TAA_standard,0.0537,0,59,128,128,0,0.0,True
00013849_019,model1_TAA_standard,-0.0396,2,1,128,128,1,0.015625,True
00013850_000,model1_TAA_standard,0.0716,127,127,128,128,0,0.0,True
00013855_005,model1_TAA_standard,0.012,26,127,128,128,0,0.0,True
00013857_000,model1_TAA_standard,0.0236,47,127,128,128,0,0.0,True
00013858_005,model1_TAA_standard,0.0912,0,99,128,128,0,0.0,True
00013860_000,model1_TAA_standard,0.028,127,127,128,128,0,0.0,True
00013862_000,model1_TAA_standard,0.0917,44,127,128,128,0,0.0,True
00013862_001,model1_TAA_standard,0.0692,127,106,128,128,0,0.0,True
00013862_003,model1_TAA_standard,0.0836,0,60,128,128,0,0.0,True
00013862_004,model1_TAA_standard,0.0809,0,72,128,128,0,0.0,True
00013865_000,model1_TAA_standard,0.0866,26,127,128,128,0,0.0,True
00013871_000,model1_TAA_standard,0.0857,115,127,128,128,0,0.0,True
00013872_000,model1_TAA_standard,0.1066,98,127,128,128,0,0.0,True
00013873_000,model1_TAA_standard,-0.0068,0,102,128,128,0,0.0,True
00013875_005,model1_TAA_standard,0.0928,51,127,128,128,0,0.0,True
00013878_000,model1_TAA_standard,-0.0627,0,99,128,128,0,0.0,True
00013880_001,model1_TAA_standard,0.0843,0,69,128,128,0,0.0,True
00013881_003,model1_TAA_standard,0.0572,0,66,128,128,0,0.0,True
00013883_000,model1_TAA_standard,0.0909,114,127,128,128,0,0.0,True
00013884_002,model1_TAA_standard,0.0779,41,127,128,128,0,0.0,True
00013884_003,model1_TAA_standard,0.0801,53,127,128,128,0,0.0,True
00013884_004,model1_TAA_standard,0.111,1,1,128,128,1,0.015625,True
00013888_003,model1_TAA_standard,0.0768,101,127,128,128,0,0.0,True
00013888_007,model1_TAA_standard,0.1086,122,0,128,128,0,0.0,True
00013890_008,model1_TAA_standard,0.0847,17,20,128,128,17,0.265625,True
00013890_015,model1_TAA_standard,0.0674,0,54,128,128,0,0.0,True
00013890_016,model1_TAA_standard,0.0923,127,24,128,128,0,0.0,True
00013890_017,model1_TAA_standard,0.0776,126,0,128,128,0,0.0,True
00013890_018,model1_TAA_standard,0.0939,2,98,128,128,2,0.03125,True
00016051_011,model1_TAA_standard,0.1009,1,37,128,128,1,0.015625,True
00016051_014,model1_TAA_standard,0.1094,98,127,128,128,0,0.0,True
00016051_016,model1_TAA_standard,0.0706,36,127,128,128,0,0.0,True
00016051_017,model1_TAA_standard,0.0964,104,127,128,128,0,0.0,True
00016051_024,model1_TAA_standard,0.105,42,127,128,128,0,0.0,True
00016052_007,model1_TAA_standard,0.0863,22,127,128,128,0,0.0,True
00016052_015,model1_TAA_standard,0.0994,92,0,128,128,0,0.0,True
00016052_023,model1_TAA_standard,0.113,35,127,128,128,0,0.0,True
00016052_025,model1_TAA_standard,0.0991,46,127,128,128,0,0.0,True
00016053_000,model1_TAA_standard,-0.0786,0,5,128,128,0,0.0,True
00016054_002,model1_TAA_standard,-0.2603,1,100,128,128,1,0.015625,True
00016055_000,model1_TAA_standard,0.0738,2,126,128,128,1,0.015625,True
00016056_000,model1_TAA_standard,-0.0509,0,97,128,128,0,0.0,True
00016056_002,model1_TAA_standard,0.0943,0,68,128,128,0,0.0,True
00016056_004,model1_TAA_standard,-0.1607,0,44,128,128,0,0.0,True
00016056_005,model1_TAA_standard,0.11,127,18,128,128,0,0.0,True
00016057_000,model1_TAA_standard,0.0449,31,127,128,128,0,0.0,True
00016057_001,model1_TAA_standard,-0.056,0,32,128,128,0,0.0,True
00016057_002,model1_TAA_standard,0.1083,85,127,128,128,0,0.0,True
00016060_000,model1_TAA_standard,-0.1877,0,8,128,128,0,0.0,True
00016060_001,model1_TAA_standard,-0.0679,0,6,128,128,0,0.0,True
00016061_000,model1_TAA_standard,0.0578,0,14,128,128,0,0.0,True
00016063_000,model1_TAA_standard,-0.1285,0,34,128,128,0,0.0,True
00016064_000,model1_TAA_standard,-0.279,0,18,128,128,0,0.0,True
00016064_006,model1_TAA_standard,-0.0408,0,0,128,128,0,0.0,True
00016064_011,model1_TAA_standard,0.0438,1,1,128,128,1,0.015625,True
00016064_015,model1_TAA_standard,-0.0483,8,0,128,128,0,0.0,True
00016065_002,model1_TAA_standard,0.1094,0,125,128,128,0,0.0,True
00016067_000,model1_TAA_standard,0.0327,35,127,128,128,0,0.0,True
00016069_000,model1_TAA_standard,-0.1858,0,5,128,128,0,0.0,True
00016070_000,model1_TAA_standard,-0.0734,0,5,128,128,0,0.0,True
00016071_000,model1_TAA_standard,0.0293,45,127,128,128,0,0.0,True
00016072_000,model1_TAA_standard,0.0806,0,57,128,128,0,0.0,True
00016073_000,model1_TAA_standard,-0.4077,0,29,128,128,0,0.0,True
00016074_001,model1_TAA_standard,-0.233,0,18,128,128,0,0.0,True
00016074_008,model1_TAA_standard,0.0977,57,0,128,128,0,0.0,True
00016074_012,model1_TAA_standard,0.052,0,27,128,128,0,0.0,True
00016075_002,model1_TAA_standard,0.0527,0,56,128,128,0,0.0,True
00016075_003,model1_TAA_standard,0.0759,63,127,128,128,0,0.0,True
00016075_004,model1_TAA_standard,0.1025,87,0,128,128,0,0.0,True
00016075_005,model1_TAA_standard,0.0254,0,0,128,128,0,0.0,True
00016075_006,model1_TAA_standard,0.1093,0,71,128,128,0,0.0,True
00016078_000,model1_TAA_standard,-0.1963,0,28,128,128,0,0.0,True
00016079_000,model1_TAA_standard,0.0965,55,127,128,128,0,0.0,True
00016079_001,model1_TAA_standard,-0.3625,0,11,128,128,0,0.0,True
00016079_003,model1_TAA_standard,0.0895,59,127,128,128,0,0.0,True
00016079_004,model1_TAA_standard,0.0722,0,70,128,128,0,0.0,True
00016079_005,model1_TAA_standard,-0.1803,0,28,128,128,0,0.0,True
00016079_006,model1_TAA_standard,0.0658,34,127,128,128,0,0.0,True
00016079_007,model1_TAA_standard,0.0941,47,127,128,128,0,0.0,True
00016079_010,model1_TAA_standard,-0.2205,0,33,128,128,0,0.0,True
00016079_012,model1_TAA_standard,-0.2025,0,20,128,128,0,0.0,True
00016080_000,model1_TAA_standard,-0.3414,0,38,128,128,0,0.0,True
00016081_000,model1_TAA_standard,0.0479,1,36,128,128,1,0.015625,True
00016082_000,model1_TAA_standard,0.0276,1,1,128,128,1,0.015625,True
00016083_003,model1_TAA_standard,0.0827,2,98,128,128,2,0.03125,True
00016085_001,model1_TAA_standard,-0.0533,105,1,128,128,1,0.015625,True
00016085_004,model1_TAA_standard,0.0646,64,127,128,128,0,0.0,True
00016088_000,model1_TAA_standard,-0.3107,0,12,128,128,0,0.0,True
00016092_006,model1_TAA_standard,-0.087,0,27,128,128,0,0.0,True
00016092_010,model1_TAA_standard,0.1033,30,127,128,128,0,0.0,True
00016094_000,model1_TAA_standard,0.0526,63,127,128,128,0,0.0,True
00016094_001,model1_TAA_standard,0.0509,0,49,128,128,0,0.0,True
00016094_002,model1_TAA_standard,0.0455,1,95,128,128,1,0.015625,True
00016094_006,model1_TAA_standard,0.0793,103,127,128,128,0,0.0,True
00016094_007,model1_TAA_standard,0.066,1,1,128,128,1,0.015625,True
00016094_008,model1_TAA_standard,-0.1707,0,19,128,128,0,0.0,True
00016094_011,model1_TAA_standard,-0.1887,0,32,128,128,0,0.0,True
00016094_012,model1_TAA_standard,0.0853,61,0,128,128,0,0.0,True
00016094_014,model1_TAA_standard,0.0414,1,30,128,128,1,0.015625,True
00016094_016,model1_TAA_standard,0.0891,0,63,128,128,0,0.0,True
00016094_017,model1_TAA_standard,0.0924,64,0,128,128,0,0.0,True
00016094_019,model1_TAA_standard,0.0905,53,0,128,128,0,0.0,True
00016094_021,model1_TAA_standard,0.0592,22,0,128,128,0,0.0,True
00016094_023,model1_TAA_standard,0.0768,109,127,128,128,0,0.0,True
00016095_000,model1_TAA_standard,0.0363,1,37,128,128,1,0.015625,True
00016096_000,model1_TAA_standard,-0.0612,0,28,128,128,0,0.0,True
00016097_000,model1_TAA_standard,-0.2285,0,36,128,128,0,0.0,True
00016098_000,model1_TAA_standard,-0.4251,0,11,128,128,0,0.0,True
00016099_001,model1_TAA_standard,0.1061,55,0,128,128,0,0.0,True
00016099_002,model1_TAA_standard,0.032,0,1,128,128,0,0.0,True
00016099_005,model1_TAA_standard,0.0886,0,71,128,128,0,0.0,True
00016099_006,model1_TAA_standard,0.0822,0,69,128,128,0,0.0,True
00016100_000,model1_TAA_standard,0.0597,41,127,128,128,0,0.0,True
00016102_000,model1_TAA_standard,0.1044,36,127,128,128,0,0.0,True
00016103_002,model1_TAA_standard,0.0652,1,18,128,128,1,0.015625,True
00016103_003,model1_TAA_standard,0.0902,39,127,128,128,0,0.0,True
00016103_009,model1_TAA_standard,0.0777,0,127,128,128,0,0.0,True
00016103_010,model1_TAA_standard,0.0773,0,74,128,128,0,0.0,True
00016104_000,model1_TAA_standard,0.0869,83,0,128,128,0,0.0,True
00016105_000,model1_TAA_standard,-0.33,0,26,128,128,0,0.0,True
00016106_000,model1_TAA_standard,0.1085,1,1,128,128,1,0.015625,True
00016106_003,model1_TAA_standard,0.0524,1,29,128,128,1,0.015625,True
00016107_000,model1_TAA_standard,-0.1369,0,28,128,128,0,0.0,True
00016109_002,model1_TAA_standard,-0.0423,117,80,128,128,10,0.15625,True
00016109_010,model1_TAA_standard,-0.3403,0,7,128,128,0,0.0,True
00016109_011,model1_TAA_standard,-0.3029,0,16,128,128,0,0.0,True
00016109_013,model1_TAA_standard,0.0484,2,101,128,128,2,0.03125,True
00016109_014,model1_TAA_standard,0.0834,2,114,128,128,2,0.03125,True
00016109_015,model1_TAA_standard,-0.152,0,28,128,128,0,0.0,True
00016110_000,model1_TAA_standard,-0.294,0,39,128,128,0,0.0,True
00016116_000,model1_TAA_standard,0.0204,2,113,128,128,2,0.03125,True
00016118_000,model1_TAA_standard,-0.3625,0,28,128,128,0,0.0,True
00016119_000,model1_TAA_standard,0.0585,0,22,128,128,0,0.0,True
00016119_002,model1_TAA_standard,0.0721,1,5,128,128,1,0.015625,True
00016120_000,model1_TAA_standard,0.027,1,29,128,128,1,0.015625,True
00016121_000,model1_TAA_standard,0.0538,77,127,128,128,0,0.0,True
00016122_000,model1_TAA_standard,-0.0702,0,7,128,128,0,0.0,True
00016122_001,model1_TAA_standard,0.099,124,127,128,128,0,0.0,True
00016122_004,model1_TAA_standard,0.0919,127,35,128,128,0,0.0,True
00016122_006,model1_TAA_standard,0.1071,127,127,128,128,0,0.0,True
00016123_000,model1_TAA_standard,0.0275,1,17,128,128,1,0.015625,True
00016124_000,model1_TAA_standard,0.0953,0,62,128,128,0,0.0,True
00016124_001,model1_TAA_standard,0.0176,1,127,128,128,0,0.0,True
00016124_003,model1_TAA_standard,-0.0455,117,127,128,128,0,0.0,True
00016124_004,model1_TAA_standard,-0.4381,0,14,128,128,0,0.0,True
00016125_000,model1_TAA_standard,-0.224,0,13,128,128,0,0.0,True
00016126_000,model1_TAA_standard,0.0905,26,0,128,128,0,0.0,True
00016128_001,model1_TAA_standard,-0.3435,0,33,128,128,0,0.0,True
00016130_000,model1_TAA_standard,-0.1231,5,127,128,128,0,0.0,True
00016134_000,model1_TAA_standard,0.09,67,127,128,128,0,0.0,True
00016134_001,model1_TAA_standard,0.0325,120,0,128,128,0,0.0,True
00016134_002,model1_TAA_standard,0.1109,57,0,128,128,0,0.0,True
00016134_003,model1_TAA_standard,0.0628,66,0,128,128,0,0.0,True
00016134_005,model1_TAA_standard,0.1094,44,0,128,128,0,0.0,True
00016134_007,model1_TAA_standard,0.0689,0,65,128,128,0,0.0,True
00016134_009,model1_TAA_standard,0.0726,0,58,128,128,0,0.0,True
00016134_011,model1_TAA_standard,0.0837,0,41,128,128,0,0.0,True
00016136_000,model1_TAA_standard,0.079,2,99,128,128,2,0.03125,True
00016137_001,model1_TAA_standard,0.0456,125,9,128,128,2,0.03125,True
00016137_002,model1_TAA_standard,-0.0053,114,29,128,128,13,0.203125,True
00016137_004,model1_TAA_standard,0.0193,1,34,128,128,1,0.015625,True
00016137_005,model1_TAA_standard,0.0938,126,1,128,128,1,0.015625,True
00016138_000,model1_TAA_standard,0.0601,59,0,128,128,0,0.0,True
00016140_001,model1_TAA_standard,0.0958,57,0,128,128,0,0.0,True
00016140_002,model1_TAA_standard,0.0989,38,127,128,128,0,0.0,True
00016141_000,model1_TAA_standard,-0.1741,0,34,128,128,0,0.0,True
00016141_001,model1_TAA_standard,0.0496,1,36,128,128,1,0.015625,True
00016141_002,model1_TAA_standard,0.023,0,42,128,128,0,0.0,True
00016142_015,model1_TAA_standard,0.0598,1,1,128,128,1,0.015625,True
00016142_016,model1_TAA_standard,0.097,1,33,128,128,1,0.015625,True
00016142_019,model1_TAA_standard,0.028,35,127,128,128,0,0.0,True
00016142_020,model1_TAA_standard,0.0713,116,0,128,128,0,0.0,True
00016142_021,model1_TAA_standard,0.0374,0,48,128,128,0,0.0,True
00016142_026,model1_TAA_standard,0.0388,1,99,128,128,1,0.015625,True
00016142_027,model1_TAA_standard,-0.2641,0,13,128,128,0,0.0,True
00016142_028,model1_TAA_standard,0.0751,120,126,128,128,1,0.015625,True
00016142_030,model1_TAA_standard,0.0767,108,127,128,128,0,0.0,True
00016142_032,model1_TAA_standard,0.0841,0,127,128,128,0,0.0,True
00016142_035,model1_TAA_standard,0.084,17,0,128,128,0,0.0,True
00016142_038,model1_TAA_standard,0.0975,0,69,128,128,0,0.0,True
00016142_040,model1_TAA_standard,0.0381,1,126,128,128,1,0.015625,True
00016142_043,model1_TAA_standard,0.0251,126,126,128,128,1,0.015625,True
00016142_046,model1_TAA_standard,-0.012,127,127,128,128,0,0.0,True
00016142_047,model1_TAA_standard,-0.0692,126,127,128,128,0,0.0,True
00016142_050,model1_TAA_standard,0.0803,0,1,128,128,0,0.0,True
00016142_053,model1_TAA_standard,0.0112,127,126,128,128,0,0.0,True
00016142_054,model1_TAA_standard,0.0119,127,126,128,128,0,0.0,True
00016143_001,model1_TAA_standard,0.0081,1,126,128,128,1,0.015625,True
00016143_004,model1_TAA_standard,0.0739,28,127,128,128,0,0.0,True
00016143_006,model1_TAA_standard,0.0946,1,126,128,128,1,0.015625,True
00016144_000,model1_TAA_standard,0.0928,2,93,128,128,2,0.03125,True
00018388_000,model1_TAA_standard,0.0138,125,126,128,128,1,0.015625,True
00018390_002,model1_TAA_standard,0.0908,0,44,128,128,0,0.0,True
00018390_004,model1_TAA_standard,0.097,0,127,128,128,0,0.0,True
00018395_000,model1_TAA_standard,0.1123,31,127,128,128,0,0.0,True
00018396_000,model1_TAA_standard,0.1117,0,69,128,128,0,0.0,True
00018403_000,model1_TAA_standard,0.108,51,127,128,128,0,0.0,True
00018403_002,model1_TAA_standard,0.0857,39,127,128,128,0,0.0,True
00018403_005,model1_TAA_standard,0.0091,1,122,128,128,1,0.015625,True
00018404_001,model1_TAA_standard,0.1058,0,61,128,128,0,0.0,True
00018404_003,model1_TAA_standard,0.1109,0,70,128,128,0,0.0,True
00018404_005,model1_TAA_standard,0.0842,85,0,128,128,0,0.0,True
00018404_015,model1_TAA_standard,-0.0861,49,17,128,128,17,0.265625,True
00018407_000,model1_TAA_standard,0.0922,78,0,128,128,0,0.0,True
00018409_000,model1_TAA_standard,0.0263,124,126,128,128,1,0.015625,True
00018411_000,model1_TAA_standard,0.1129,50,127,128,128,0,0.0,True
00018412_001,model1_TAA_standard,0.0859,117,33,128,128,10,0.15625,True
00018412_005,model1_TAA_standard,0.0184,37,0,128,128,0,0.0,True
00018412_007,model1_TAA_standard,0.1076,67,127,128,128,0,0.0,True
00018413_000,model1_TAA_standard,0.0824,40,127,128,128,0,0.0,True
00018420_000,model1_TAA_standard,-0.0698,0,111,128,128,0,0.0,True
00018421_001,model1_TAA_standard,0.0667,127,126,128,128,0,0.0,True
00018421_006,model1_TAA_standard,0.0664,0,36,128,128,0,0.0,True
00018423_000,model1_TAA_standard,0.0224,38,127,128,128,0,0.0,True
00018427_001,model1_TAA_standard,0.0328,0,72,128,128,0,0.0,True
00018427_006,model1_TAA_standard,0.1116,100,0,128,128,0,0.0,True
00018427_009,model1_TAA_standard,0.1047,60,127,128,128,0,0.0,True
00018427_012,model1_TAA_standard,0.0886,55,0,128,128,0,0.0,True
00018427_013,model1_TAA_standard,0.0158,1,31,128,128,1,0.015625,True
00018429_003,model1_TAA_standard,-0.0394,17,63,128,128,17,0.265625,True
00018433_001,model1_TAA_standard,0.07,1,99,128,128,1,0.015625,True
00018434_003,model1_TAA_standard,-0.0978,40,119,128,128,8,0.125,True
00018437_004,model1_TAA_standard,0.1125,117,127,128,128,0,0.0,True
00018438_000,model1_TAA_standard,0.0333,1,126,128,128,1,0.015625,True
00018439_001,model1_TAA_standard,-0.0358,1,36,128,128,1,0.015625,True
00018443_000,model1_TAA_standard,0.1045,104,127,128,128,0,0.0,True
00018443_005,model1_TAA_standard,0.1033,0,85,128,128,0,0.0,True
00018443_006,model1_TAA_standard,0.0788,0,52,128,128,0,0.0,True
00018444_004,model1_TAA_standard,0.0879,1,127,128,128,0,0.0,True
00018446_000,model1_TAA_standard,0.057,105,127,128,128,0,0.0,True
00018448_010,model1_TAA_standard,0.0688,15,127,128,128,0,0.0,True
00018448_011,model1_TAA_standard,0.054,121,0,128,128,0,0.0,True
00018448_013,model1_TAA_standard,0.1075,54,0,128,128,0,0.0,True
00018448_015,model1_TAA_standard,0.1003,59,0,128,128,0,0.0,True
00018448_016,model1_TAA_standard,0.0977,66,0,128,128,0,0.0,True
00018451_002,model1_TAA_standard,0.0986,127,126,128,128,0,0.0,True
00018451_003,model1_TAA_standard,-0.0254,125,127,128,128,0,0.0,True
00018451_004,model1_TAA_standard,0.0909,127,126,128,128,0,0.0,True
00018451_005,model1_TAA_standard,0.1107,87,127,128,128,0,0.0,True
00018451_006,model1_TAA_standard,0.0262,127,126,128,128,0,0.0,True
00018451_008,model1_TAA_standard,-0.0844,0,1,128,128,0,0.0,True
00018451_011,model1_TAA_standard,0.076,10,126,128,128,1,0.015625,True
00018451_015,model1_TAA_standard,0.0289,117,126,128,128,1,0.015625,True
00018451_016,model1_TAA_standard,0.1023,1,126,128,128,1,0.015625,True
00018452_000,model1_TAA_standard,0.0449,0,124,128,128,0,0.0,True
00018462_001,model1_TAA_standard,0.086,125,0,128,128,0,0.0,True
00018464_000,model1_TAA_standard,0.0734,88,127,128,128,0,0.0,True
00018464_003,model1_TAA_standard,0.0392,85,127,128,128,0,0.0,True
00018464_009,model1_TAA_standard,-0.0382,107,127,128,128,0,0.0,True
00018464_012,model1_TAA_standard,0.0834,97,127,128,128,0,0.0,True
00018464_014,model1_TAA_standard,0.112,0,60,128,128,0,0.0,True
00018465_001,model1_TAA_standard,0.0539,20,127,128,128,0,0.0,True
00018467_000,model1_TAA_standard,0.1097,50,127,128,128,0,0.0,True
00018468_000,model1_TAA_standard,0.0824,49,127,128,128,0,0.0,True
00018470_000,model1_TAA_standard,0.0475,1,127,128,128,0,0.0,True
00018473_000,model1_TAA_standard,0.0478,1,126,128,128,1,0.015625,True
00018482_000,model1_TAA_standard,0.0697,106,127,128,128,0,0.0,True
00018483_001,model1_TAA_standard,0.1073,127,125,128,128,0,0.0,True
00018483_004,model1_TAA_standard,0.0625,1,93,128,128,1,0.015625,True
00018483_005,model1_TAA_standard,-0.0009,1,39,128,128,1,0.015625,True
00018484_000,model1_TAA_standard,0.0699,18,127,128,128,0,0.0,True
00018487_000,model1_TAA_standard,0.0729,1,110,128,128,1,0.015625,True
00018488_001,model1_TAA_standard,-0.0636,121,127,128,128,0,0.0,True
00018488_003,model1_TAA_standard,0.0303,90,127,128,128,0,0.0,True
00018490_000,model1_TAA_standard,0.0299,40,127,128,128,0,0.0,True
00018491_000,model1_TAA_standard,0.0009,125,127,128,128,0,0.0,True
00018492_000,model1_TAA_standard,0.1101,39,127,128,128,0,0.0,True
00018494_013,model1_TAA_standard,0.0831,2,23,128,128,2,0.03125,True
00018495_000,model1_TAA_standard,0.0704,0,62,128,128,0,0.0,True
00018496_009,model1_TAA_standard,0.0747,114,127,128,128,0,0.0,True
00018496_011,model1_TAA_standard,0.0895,127,48,128,128,0,0.0,True
00018496_012,model1_TAA_standard,0.0679,1,96,128,128,1,0.015625,True
00018496_013,model1_TAA_standard,0.0253,1,42,128,128,1,0.015625,True
00018496_015,model1_TAA_standard,0.102,76,0,128,128,0,0.0,True
00018500_000,model1_TAA_standard,0.0607,29,127,128,128,0,0.0,True
00018500_005,model1_TAA_standard,-0.1839,0,5,128,128,0,0.0,True
00018500_006,model1_TAA_standard,0.0955,0,59,128,128,0,0.0,True
00018500_007,model1_TAA_standard,0.0854,0,77,128,128,0,0.0,True
00018500_008,model1_TAA_standard,0.0972,127,92,128,128,0,0.0,True
00018500_012,model1_TAA_standard,0.113,0,88,128,128,0,0.0,True
00018504_001,model1_TAA_standard,-0.0354,0,14,128,128,0,0.0,True
00018507_002,model1_TAA_standard,0.0605,125,0,128,128,0,0.0,True
00018507_003,model1_TAA_standard,0.1005,33,127,128,128,0,0.0,True
00020948_000,model1_TAA_standard,-0.1887,0,99,128,128,0,0.0,True
00020949_001,model1_TAA_standard,-0.1589,127,127,128,128,0,0.0,True
00020950_000,model1_TAA_standard,-0.3257,0,97,128,128,0,0.0,True
00020950_001,model1_TAA_standard,-0.0111,43,127,128,128,0,0.0,True
00020955_000,model1_TAA_standard,0.0898,1,126,128,128,1,0.015625,True
00020959_004,model1_TAA_standard,0.0561,46,127,128,128,0,0.0,True
00020959_005,model1_TAA_standard,0.0953,1,1,128,128,1,0.015625,True
00020960_000,model1_TAA_standard,0.0839,76,127,128,128,0,0.0,True
00020960_001,model1_TAA_standard,0.0958,80,127,128,128,0,0.0,True
00020960_002,model1_TAA_standard,0.1021,49,127,128,128,0,0.0,True
00020960_003,model1_TAA_standard,0.1054,40,127,128,128,0,0.0,True
00020966_000,model1_TAA_standard,0.0248,1,36,128,128,1,0.015625,True
00020967_001,model1_TAA_standard,0.0622,1,126,128,128,1,0.015625,True
00020967_017,model1_TAA_standard,0.1035,10,126,128,128,1,0.015625,True
00020969_000,model1_TAA_standard,-0.2758,1,97,128,128,1,0.015625,True
00020972_003,model1_TAA_standard,-0.0539,0,21,128,128,0,0.0,True
00020974_000,model1_TAA_standard,0.1137,0,38,128,128,0,0.0,True
00020974_001,model1_TAA_standard,0.0722,1,1,128,128,1,0.015625,True
00020975_000,model1_TAA_standard,0.0034,124,127,128,128,0,0.0,True
00020976_001,model1_TAA_standard,0.0959,52,127,128,128,0,0.0,True
00020977_000,model1_TAA_standard,0.0659,1,121,128,128,1,0.015625,True
00020978_003,model1_TAA_standard,0.0671,1,126,128,128,1,0.015625,True
00020979_002,model1_TAA_standard,0.0981,1,98,128,128,1,0.015625,True
00020980_000,model1_TAA_standard,-0.0017,106,127,128,128,0,0.0,True
00020983_007,model1_TAA_standard,-0.0393,126,127,128,128,0,0.0,True
00020985_000,model1_TAA_standard,0.083,1,126,128,128,1,0.015625,True
00020990_002,model1_TAA_standard,-0.0048,81,127,128,128,0,0.0,True
00020991_000,model1_TAA_standard,-0.0728,0,34,128,128,0,0.0,True
00020992_001,model1_TAA_standard,0.0831,2,6,128,128,2,0.03125,True
00020993_000,model1_TAA_standard,-0.0744,0,1,128,128,0,0.0,True
00020994_001,model1_TAA_standard,0.0919,124,126,128,128,1,0.015625,True
00020994_003,model1_TAA_standard,-0.0291,1,44,128,128,1,0.015625,True
00020995_000,model1_TAA_standard,0.0395,127,126,128,128,0,0.0,True
00020995_001,model1_TAA_standard,-0.0845,0,105,128,128,0,0.0,True
00020996_001,model1_TAA_standard,-0.1008,0,103,128,128,0,0.0,True
00021000_004,model1_TAA_standard,0.0143,3,127,128,128,0,0.0,True
00021001_000,model1_TAA_standard,0.0319,0,62,128,128,0,0.0,True
00021005_000,model1_TAA_standard,0.0189,103,127,128,128,0,0.0,True
00021006_029,model1_TAA_standard,0.052,1,99,128,128,1,0.015625,True
00021008_000,model1_TAA_standard,0.0231,1,1,128,128,1,0.015625,True
00021010_000,model1_TAA_standard,0.062,1,110,128,128,1,0.015625,True
00021010_003,model1_TAA_standard,0.0767,1,1,128,128,1,0.015625,True
00021010_004,model1_TAA_standard,0.0597,1,12,128,128,1,0.015625,True
00021018_000,model1_TAA_standard,0.1083,127,126,128,128,0,0.0,True
00021019_001,model1_TAA_standard,0.0767,1,125,128,128,1,0.015625,True
00021020_000,model1_TAA_standard,0.0862,43,127,128,128,0,0.0,True
00021021_000,model1_TAA_standard,0.0246,50,127,128,128,0,0.0,True
00021021_002,model1_TAA_standard,0.0801,30,127,128,128,0,0.0,True
00021021_003,model1_TAA_standard,-0.3061,0,98,128,128,0,0.0,True
00021022_001,model1_TAA_standard,-0.3801,0,121,128,128,0,0.0,True
00021023_004,model1_TAA_standard,-0.0146,124,127,128,128,0,0.0,True
00021023_005,model1_TAA_standard,0.1132,127,126,128,128,0,0.0,True
00021023_007,model1_TAA_standard,0.0673,1,126,128,128,1,0.015625,True
00021023_021,model1_TAA_standard,0.0147,127,127,128,128,0,0.0,True
00021024_001,model1_TAA_standard,0.0709,1,127,128,128,0,0.0,True
00021024_006,model1_TAA_standard,-0.1345,0,99,128,128,0,0.0,True
00021024_007,model1_TAA_standard,0.0749,31,127,128,128,0,0.0,True
00021024_008,model1_TAA_standard,0.0842,123,126,128,128,1,0.015625,True
00021024_021,model1_TAA_standard,0.0674,38,127,128,128,0,0.0,True
00021026_000,model1_TAA_standard,0.0127,1,41,128,128,1,0.015625,True
00021027_001,model1_TAA_standard,0.0362,3,126,128,128,1,0.015625,True
00021028_000,model1_TAA_standard,-0.2058,6,114,128,128,6,0.09375,True
00021029_000,model1_TAA_standard,0.0863,2,46,128,128,2,0.03125,True
00021031_000,model1_TAA_standard,0.107,32,127,128,128,0,0.0,True
00021032_000,model1_TAA_standard,0.038,126,126,128,128,1,0.015625,True
00021035_023,model1_TAA_standard,-0.4005,0,36,128,128,0,0.0,True
00021035_029,model1_TAA_standard,0.0486,1,7,128,128,1,0.015625,True
00021035_031,model1_TAA_standard,0.0572,0,74,128,128,0,0.0,True
00021035_033,model1_TAA_standard,-0.2395,0,15,128,128,0,0.0,True
00021035_034,model1_TAA_standard,-0.0124,2,34,128,128,2,0.03125,True
00021035_035,model1_TAA_standard,0.1067,40,0,128,128,0,0.0,True
00021035_036,model1_TAA_standard,-0.3223,0,7,128,128,0,0.0,True
00021035_037,model1_TAA_standard,0.07,32,127,128,128,0,0.0,True
00021035_038,model1_TAA_standard,-0.1696,1,9,128,128,1,0.015625,True
00021035_039,model1_TAA_standard,-0.1349,2,6,128,128,2,0.03125,True
00021035_040,model1_TAA_standard,0.0434,24,127,128,128,0,0.0,True
00021035_043,model1_TAA_standard,0.112,1,126,128,128,1,0.015625,True
00021035_044,model1_TAA_standard,0.0297,57,127,128,128,0,0.0,True
00021036_001,model1_TAA_standard,0.035,127,126,128,128,0,0.0,True
00021036_002,model1_TAA_standard,-0.2258,0,102,128,128,0,0.0,True
00021036_003,model1_TAA_standard,0.0723,127,127,128,128,0,0.0,True
00021036_005,model1_TAA_standard,0.0281,127,126,128,128,0,0.0,True
00021036_007,model1_TAA_standard,0.0253,1,111,128,128,1,0.015625,True
00021036_008,model1_TAA_standard,0.0598,122,127,128,128,0,0.0,True
00021036_009,model1_TAA_standard,-0.0385,13,122,128,128,5,0.078125,True
00021038_000,model1_TAA_standard,-0.0612,0,13,128,128,0,0.0,True
00021039_000,model1_TAA_standard,0.0925,47,127,128,128,0,0.0,True
00021039_001,model1_TAA_standard,-0.1757,0,90,128,128,0,0.0,True
00021047_012,model1_TAA_standard,0.0824,10,126,128,128,1,0.015625,True
00024719_000,model1_TAA_standard,0.0715,2,1,128,128,1,0.015625,True
00024721_000,model1_TAA_standard,0.081,0,62,128,128,0,0.0,True
00024723_000,model1_TAA_standard,0.0221,1,124,128,128,1,0.015625,True
00024725_000,model1_TAA_standard,-0.3951,0,10,128,128,0,0.0,True
00024727_000,model1_TAA_standard,0.0626,92,127,128,128,0,0.0,True
00024728_000,model1_TAA_standard,0.0442,0,68,128,128,0,0.0,True
00024730_000,model1_TAA_standard,0.0722,67,127,128,128,0,0.0,True
00024731_000,model1_TAA_standard,0.0769,30,127,128,128,0,0.0,True
00024732_000,model1_TAA_standard,0.0876,41,127,128,128,0,0.0,True
00024735_000,model1_TAA_standard,0.0615,28,127,128,128,0,0.0,True
00024737_001,model1_TAA_standard,0.0781,2,32,128,128,2,0.03125,True
00024738_000,model1_TAA_standard,-0.075,40,127,128,128,0,0.0,True
00024740_000,model1_TAA_standard,0.1106,0,69,128,128,0,0.0,True
00024742_000,model1_TAA_standard,0.0355,1,125,128,128,1,0.015625,True
00024743_000,model1_TAA_standard,0.0368,33,127,128,128,0,0.0,True
00024744_000,model1_TAA_standard,0.1034,45,0,128,128,0,0.0,True
00024745_000,model1_TAA_standard,0.0044,0,103,128,128,0,0.0,True
00024750_000,model1_TAA_standard,0.101,127,39,128,128,0,0.0,True
00024752_000,model1_TAA_standard,-0.2189,0,88,128,128,0,0.0,True
00024753_000,model1_TAA_standard,0.0494,29,127,128,128,0,0.0,True
00024754_000,model1_TAA_standard,0.0896,1,1,128,128,1,0.015625,True
00024755_000,model1_TAA_standard,0.0766,61,127,128,128,0,0.0,True
00024756_000,model1_TAA_standard,-0.0648,0,127,128,128,0,0.0,True
00024757_000,model1_TAA_standard,0.0092,27,127,128,128,0,0.0,True
00024758_000,model1_TAA_standard,0.0705,2,32,128,128,2,0.03125,True
00024759_000,model1_TAA_standard,-0.1836,0,24,128,128,0,0.0,True
00024760_000,model1_TAA_standard,0.0364,31,127,128,128,0,0.0,True
00024761_000,model1_TAA_standard,-0.045,37,127,128,128,0,0.0,True
00024765_000,model1_TAA_standard,0.1006,43,127,128,128,0,0.0,True
00024767_000,model1_TAA_standard,0.0924,38,127,128,128,0,0.0,True
00024769_000,model1_TAA_standard,-0.0734,33,127,128,128,0,0.0,True
00024770_000,model1_TAA_standard,0.0552,0,60,128,128,0,0.0,True
00024771_000,model1_TAA_standard,0.1125,28,127,128,128,0,0.0,True
00024774_000,model1_TAA_standard,-0.0511,1,19,128,128,1,0.015625,True
00024775_000,model1_TAA_standard,0.0138,41,127,128,128,0,0.0,True
00024776_000,model1_TAA_standard,-0.0758,0,92,128,128,0,0.0,True
00024778_000,model1_TAA_standard,0.0656,67,127,128,128,0,0.0,True
00024779_000,model1_TAA_standard,0.0992,27,127,128,128,0,0.0,True
00024780_000,model1_TAA_standard,0.0422,0,88,128,128,0,0.0,True
00024781_000,model1_TAA_standard,0.0179,1,34,128,128,1,0.015625,True
00024783_000,model1_TAA_standard,0.1075,1,1,128,128,1,0.015625,True
00024796_000,model1_TAA_standard,0.0286,1,91,128,128,1,0.015625,True
00024798_000,model1_TAA_standard,0.0918,127,126,128,128,0,0.0,True
00024800_000,model1_TAA_standard,0.0743,41,127,128,128,0,0.0,True
00024802_000,model1_TAA_standard,0.0169,127,126,128,128,0,0.0,True
00024805_000,model1_TAA_standard,0.0524,1,125,128,128,1,0.015625,True
00024806_000,model1_TAA_standard,0.0527,1,2,128,128,1,0.015625,True
00024812_000,model1_TAA_standard,0.1009,23,127,128,128,0,0.0,True
00024816_000,model1_TAA_standard,0.0851,0,127,128,128,0,0.0,True
00024819_000,model1_TAA_standard,-0.021,1,33,128,128,1,0.015625,True
00024820_000,model1_TAA_standard,0.025,1,25,128,128,1,0.015625,True
00024822_000,model1_TAA_standard,0.0128,1,1,128,128,1,0.015625,True
00024823_000,model1_TAA_standard,0.0841,35,0,128,128,0,0.0,True
00024826_001,model1_TAA_standard,0.1051,127,126,128,128,0,0.0,True
00024827_000,model1_TAA_standard,0.0305,1,1,128,128,1,0.015625,True
00024828_000,model1_TAA_standard,0.0311,1,92,128,128,1,0.015625,True
00024829_000,model1_TAA_standard,0.0801,126,1,128,128,1,0.015625,True
00024832_000,model1_TAA_standard,0.0824,1,2,128,128,1,0.015625,True
00024833_000,model1_TAA_standard,0.0759,126,127,128,128,0,0.0,True
00024840_000,model1_TAA_standard,0.0816,0,104,128,128,0,0.0,True
00024841_000,model1_TAA_standard,0.0185,0,26,128,128,0,0.0,True
00024844_000,model1_TAA_standard,-0.299,0,30,128,128,0,0.0,True
00024848_000,model1_TAA_standard,0.0585,1,2,128,128,1,0.015625,True
00024850_000,model1_TAA_standard,0.054,126,127,128,128,0,0.0,True
00024852_000,model1_TAA_standard,0.0397,0,127,128,128,0,0.0,True
00024853_000,model1_TAA_standard,0.1026,0,56,128,128,0,0.0,True
00024856_000,model1_TAA_standard,0.052,50,127,128,128,0,0.0,True
00024857_000,model1_TAA_standard,0.0839,1,126,128,128,1,0.015625,True
00024859_000,model1_TAA_standard,0.0955,127,126,128,128,0,0.0,True
00024861_000,model1_TAA_standard,0.1059,0,94,128,128,0,0.0,True
00024862_000,model1_TAA_standard,0.0188,1,122,128,128,1,0.015625,True
00024862_001,model1_TAA_standard,0.0979,46,127,128,128,0,0.0,True
00024863_000,model1_TAA_standard,0.0792,76,127,128,128,0,0.0,True
00024865_000,model1_TAA_standard,0.0272,127,126,128,128,0,0.0,True
00024870_000,model1_TAA_standard,0.1098,91,126,128,128,1,0.015625,True
00024871_000,model1_TAA_standard,0.1019,79,127,128,128,0,0.0,True
00024874_000,model1_TAA_standard,0.1121,44,127,128,128,0,0.0,True
00024875_000,model1_TAA_standard,0.1012,75,0,128,128,0,0.0,True
00024878_000,model1_TAA_standard,-0.1373,121,127,128,128,0,0.0,True
00024889_000,model1_TAA_standard,0.0819,127,127,128,128,0,0.0,True
00024892_000,model1_TAA_standard,0.0484,124,127,128,128,0,0.0,True
00024893_000,model1_TAA_standard,0.011,119,126,128,128,1,0.015625,True
00024895_000,model1_TAA_standard,0.0525,1,125,128,128,1,0.015625,True
00024896_000,model1_TAA_standard,0.022,118,126,128,128,1,0.015625,True
00024901_000,model1_TAA_standard,0.0855,92,126,128,128,1,0.015625,True
00024903_000,model1_TAA_standard,-0.0636,119,127,128,128,0,0.0,True
00024905_000,model1_TAA_standard,0.0105,1,30,128,128,1,0.015625,True
00024906_000,model1_TAA_standard,0.1136,1,0,128,128,0,0.0,True
00024911_000,model1_TAA_standard,0.019,0,16,128,128,0,0.0,True
00024915_000,model1_TAA_standard,0.0216,0,33,128,128,0,0.0,True
00024917_000,model1_TAA_standard,0.1043,127,127,128,128,0,0.0,True
00024919_000,model1_TAA_standard,0.0939,28,127,128,128,0,0.0,True
00024921_000,model1_TAA_standard,0.0036,122,127,128,128,0,0.0,True
00024923_000,model1_TAA_standard,0.015,1,126,128,128,1,0.015625,True
00024926_000,model1_TAA_standard,0.1092,1,50,128,128,1,0.015625,True
00024933_000,model1_TAA_standard,-0.1324,0,96,128,128,0,0.0,True
00024939_000,model1_TAA_standard,0.0186,1,29,128,128,1,0.015625,True
00024940_000,model1_TAA_standard,0.0596,32,127,128,128,0,0.0,True
00024944_000,model1_TAA_standard,0.028,31,127,128,128,0,0.0,True
00024945_000,model1_TAA_standard,0.0041,1,120,128,128,1,0.015625,True
00024946_000,model1_TAA_standard,0.0997,35,127,128,128,0,0.0,True
00024947_000,model1_TAA_standard,-0.0663,0,15,128,128,0,0.0,True
00024949_000,model1_TAA_standard,0.0821,29,127,128,128,0,0.0,True
00024951_000,model1_TAA_standard,0.0452,1,126,128,128,1,0.015625,True
00024952_000,model1_TAA_standard,0.0057,1,117,128,128,1,0.015625,True
00024953_000,model1_TAA_standard,0.1002,57,127,128,128,0,0.0,True
00024954_000,model1_TAA_standard,0.0885,1,127,128,128,0,0.0,True
00024955_000,model1_TAA_standard,0.0414,1,126,128,128,1,0.015625,True
00024956_000,model1_TAA_standard,-0.3506,0,12,128,128,0,0.0,True
00024957_000,model1_TAA_standard,0.0792,1,1,128,128,1,0.015625,True
00024959_000,model1_TAA_standard,-0.0422,0,98,128,128,0,0.0,True
00024960_000,model1_TAA_standard,0.0713,1,99,128,128,1,0.015625,True
00024961_000,model1_TAA_standard,-0.0588,90,127,128,128,0,0.0,True
00024962_000,model1_TAA_standard,0.0414,25,127,128,128,0,0.0,True
00024968_000,model1_TAA_standard,-0.0686,0,92,128,128,0,0.0,True
00024974_000,model1_TAA_standard,-0.056,27,127,128,128,0,0.0,True
00024975_000,model1_TAA_standard,-0.0124,0,126,128,128,0,0.0,True
00024978_000,model1_TAA_standard,0.0401,2,25,128,128,2,0.03125,True
00024981_000,model1_TAA_standard,0.0472,32,127,128,128,0,0.0,True
00024982_000,model1_TAA_standard,0.0072,1,127,128,128,0,0.0,True
00024984_000,model1_TAA_standard,0.0479,1,1,128,128,1,0.015625,True
00024989_000,model1_TAA_standard,0.1026,0,88,128,128,0,0.0,True
00024992_000,model1_TAA_standard,0.0767,40,127,128,128,0,0.0,True
00024993_000,model1_TAA_standard,0.0667,82,127,128,128,0,0.0,True
00024994_000,model1_TAA_standard,-0.3134,0,17,128,128,0,0.0,True
00024996_000,model1_TAA_standard,0.0346,1,1,128,128,1,0.015625,True
00025030_000,model1_TAA_standard,0.0218,1,119,128,128,1,0.015625,True
00025062_000,model1_TAA_standard,0.0317,122,126,128,128,1,0.015625,True
00025064_000,model1_TAA_standard,-0.2021,110,127,128,128,0,0.0,True
00025069_000,model1_TAA_standard,-0.0162,117,127,128,128,0,0.0,True
00025073_000,model1_TAA_standard,0.0679,127,126,128,128,0,0.0,True
00025076_000,model1_TAA_standard,-0.0272,0,122,128,128,0,0.0,True
00025076_002,model1_TAA_standard,0.0784,2,120,128,128,2,0.03125,True
00025081_004,model1_TAA_standard,0.1114,0,75,128,128,0,0.0,True
00025081_008,model1_TAA_standard,-0.0345,1,96,128,128,1,0.015625,True
00025081_009,model1_TAA_standard,-0.2848,123,121,128,128,4,0.0625,True
00025081_013,model1_TAA_standard,0.0194,127,126,128,128,0,0.0,True
00025081_014,model1_TAA_standard,0.035,127,126,128,128,0,0.0,True
00025081_015,model1_TAA_standard,0.0233,1,99,128,128,1,0.015625,True
00025081_016,model1_TAA_standard,0.0184,127,127,128,128,0,0.0,True
00025081_021,model1_TAA_standard,0.0642,119,126,128,128,1,0.015625,True
00025082_002,model1_TAA_standard,0.0681,1,126,128,128,1,0.015625,True
00025082_003,model1_TAA_standard,0.0583,127,126,128,128,0,0.0,True
00025082_005,model1_TAA_standard,0.0573,127,126,128,128,0,0.0,True
00028173_007,model1_TAA_standard,0.039,53,0,128,128,0,0.0,True
00028178_000,model1_TAA_standard,0.0923,3,39,128,128,3,0.046875,True
00028186_003,model1_TAA_standard,0.1053,27,127,128,128,0,0.0,True
00028187_000,model1_TAA_standard,0.0707,1,30,128,128,1,0.015625,True
00028189_000,model1_TAA_standard,0.0857,1,1,128,128,1,0.015625,True
00028190_000,model1_TAA_standard,0.0891,38,127,128,128,0,0.0,True
00028194_000,model1_TAA_standard,-0.2103,0,7,128,128,0,0.0,True
00028195_000,model1_TAA_standard,-0.1431,0,106,128,128,0,0.0,True
00028195_003,model1_TAA_standard,0.0869,1,107,128,128,1,0.015625,True
00028196_000,model1_TAA_standard,0.0944,74,127,128,128,0,0.0,True
00028199_000,model1_TAA_standard,0.0726,41,127,128,128,0,0.0,True
00028207_000,model1_TAA_standard,0.0911,36,127,128,128,0,0.0,True
00028208_021,model1_TAA_standard,0.0743,0,117,128,128,0,0.0,True
00028208_025,model1_TAA_standard,0.107,0,51,128,128,0,0.0,True
00028208_033,model1_TAA_standard,0.0968,46,0,128,128,0,0.0,True
00028208_039,model1_TAA_standard,0.0077,1,117,128,128,1,0.015625,True
00028211_000,model1_TAA_standard,0.0705,1,98,128,128,1,0.015625,True
00028211_017,model1_TAA_standard,0.0986,45,124,128,128,3,0.046875,True
00028211_023,model1_TAA_standard,0.0753,9,19,128,128,9,0.140625,True
00028219_000,model1_TAA_standard,0.0478,1,34,128,128,1,0.015625,True
00028219_005,model1_TAA_standard,0.063,31,127,128,128,0,0.0,True
00028222_000,model1_TAA_standard,0.0896,1,126,128,128,1,0.015625,True
00028223_000,model1_TAA_standard,0.0267,1,21,128,128,1,0.015625,True
00028226_000,model1_TAA_standard,0.0598,1,126,128,128,1,0.015625,True
00028229_000,model1_TAA_standard,-0.1483,0,32,128,128,0,0.0,True
00028230_000,model1_TAA_standard,0.0873,1,99,128,128,1,0.015625,True
00028232_000,model1_TAA_standard,-0.155,0,34,128,128,0,0.0,True
00028235_000,model1_TAA_standard,0.0109,18,127,128,128,0,0.0,True
00028240_001,model1_TAA_standard,0.0872,1,25,128,128,1,0.015625,True
00028243_000,model1_TAA_standard,-0.0629,3,97,128,128,3,0.046875,True
00028244_000,model1_TAA_standard,0.0817,43,127,128,128,0,0.0,True
00028253_002,model1_TAA_standard,0.0763,75,11,128,128,11,0.171875,True
00028253_007,model1_TAA_standard,0.111,47,41,128,128,41,0.640625,False
00028258_000,model1_TAA_standard,0.0372,1,31,128,128,1,0.015625,True
00028261_000,model1_TAA_standard,-0.0406,58,9,128,128,9,0.140625,True
00028268_000,model1_TAA_standard,0.0823,4,45,128,128,4,0.0625,True
00028271_000,model1_TAA_standard,0.1122,1,126,128,128,1,0.015625,True
00028272_000,model1_TAA_standard,-0.1228,0,120,128,128,0,0.0,True
00028285_015,model1_TAA_standard,-0.1333,84,125,128,128,2,0.03125,True
00028287_000,model1_TAA_standard,0.0773,1,126,128,128,1,0.015625,True
00028292_001,model1_TAA_standard,0.105,36,127,128,128,0,0.0,True
00028292_005,model1_TAA_standard,0.0979,13,11,128,128,11,0.171875,True
00028299_000,model1_TAA_standard,0.0709,42,127,128,128,0,0.0,True
00028300_002,model1_TAA_standard,0.0679,0,103,128,128,0,0.0,True
00028300_003,model1_TAA_standard,-0.275,0,49,128,128,0,0.0,True
00028300_004,model1_TAA_standard,-0.2398,0,99,128,128,0,0.0,True
00028315_000,model1_TAA_standard,0.1,40,127,128,128,0,0.0,True
00028317_013,model1_TAA_standard,-0.0325,61,124,128,128,3,0.046875,True
